supplier_id,corridor,tier,anchor_id,month,utilisation_rate,days_since_last_finance,anchor_dpo_days,facility_limit_usd,alert_flag
SUP_0001,India,T2,Anchor_FedEx,1,0.3953,12,51,250000,1
SUP_0001,India,T2,Anchor_FedEx,2,0.3367,40,41,500000,1
SUP_0001,India,T2,Anchor_Apple,3,0.3392,18,81,1000000,1
SUP_0001,India,T2,Anchor_Unilever,4,0.2241,24,41,250000,1
SUP_0001,India,T2,Anchor_Samsung,5,0.2405,11,76,100000,1
SUP_0001,India,T2,Anchor_Siemens,6,0.4682,37,46,100000,1
SUP_0002,Singapore,T3,Anchor_Siemens,1,0.4602,18,67,50000,0
SUP_0002,Singapore,T3,Anchor_Samsung,2,0.4435,6,46,1000000,0
SUP_0002,Singapore,T3,Anchor_FedEx,3,0.4773,38,73,100000,1
SUP_0002,Singapore,T3,Anchor_Siemens,4,0.5124,2,68,1000000,0
SUP_0002,Singapore,T3,Anchor_Samsung,5,0.4865,40,37,250000,1
SUP_0002,Singapore,T3,Anchor_Samsung,6,0.453,24,86,1000000,0
SUP_0003,Singapore,T2,Anchor_Unilever,1,0.6092,36,40,250000,1
SUP_0003,Singapore,T2,Anchor_Samsung,2,0.6666,17,86,50000,0
SUP_0003,Singapore,T2,Anchor_Samsung,3,0.7017,2,83,250000,0
SUP_0003,Singapore,T2,Anchor_Unilever,4,0.6141,15,61,500000,0
SUP_0003,Singapore,T2,Anchor_Unilever,5,0.651,27,37,1000000,0
SUP_0003,Singapore,T2,Anchor_Samsung,6,0.7259,16,56,50000,0
SUP_0004,Vietnam,T2,Anchor_Apple,1,0.4245,5,64,250000,0
SUP_0004,Vietnam,T2,Anchor_Apple,2,0.4318,24,76,100000,0
SUP_0004,Vietnam,T2,Anchor_Samsung,3,0.5017,17,30,250000,0
SUP_0004,Vietnam,T2,Anchor_FedEx,4,0.4355,21,54,250000,0
SUP_0004,Vietnam,T2,Anchor_Siemens,5,0.4505,30,34,250000,0
SUP_0004,Vietnam,T2,Anchor_Apple,6,0.4294,36,66,100000,1
SUP_0005,India,T1,Anchor_Unilever,1,0.3826,12,74,50000,1
SUP_0005,India,T1,Anchor_Unilever,2,0.4089,33,61,100000,1
SUP_0005,India,T1,Anchor_Samsung,3,0.4705,11,79,500000,0
SUP_0005,India,T1,Anchor_Siemens,4,0.4295,16,59,1000000,0
SUP_0005,India,T1,Anchor_Apple,5,0.4383,33,79,250000,1
SUP_0005,India,T1,Anchor_Samsung,6,0.2537,37,63,500000,1
SUP_0006,Singapore,T1,Anchor_Apple,1,0.4333,16,39,50000,0
SUP_0006,Singapore,T1,Anchor_Apple,2,0.4237,4,53,1000000,0
SUP_0006,Singapore,T1,Anchor_FedEx,3,0.4156,22,40,500000,0
SUP_0006,Singapore,T1,Anchor_FedEx,4,0.2431,24,85,250000,1
SUP_0006,Singapore,T1,Anchor_Siemens,5,0.4066,18,80,1000000,0
SUP_0006,Singapore,T1,Anchor_Siemens,6,0.4149,21,71,50000,0
SUP_0007,Singapore,T1,Anchor_FedEx,1,0.4505,21,55,1000000,0
SUP_0007,Singapore,T1,Anchor_Samsung,2,0.3922,0,65,250000,1
SUP_0007,Singapore,T1,Anchor_Apple,3,0.3806,13,51,500000,1
SUP_0007,Singapore,T1,Anchor_Siemens,4,0.4502,1,53,100000,0
SUP_0007,Singapore,T1,Anchor_FedEx,5,0.3626,22,76,500000,1
SUP_0007,Singapore,T1,Anchor_FedEx,6,0.2774,37,87,250000,1
SUP_0008,India,T3,Anchor_Apple,1,0.3793,16,86,500000,1
SUP_0008,India,T3,Anchor_Samsung,2,0.3234,19,42,500000,1
SUP_0008,India,T3,Anchor_Apple,3,0.3759,21,65,50000,1
SUP_0008,India,T3,Anchor_Siemens,4,0.45,40,71,500000,1
SUP_0008,India,T3,Anchor_Siemens,5,0.3275,5,74,50000,1
SUP_0008,India,T3,Anchor_Unilever,6,0.2331,20,51,250000,1
SUP_0009,Singapore,T2,Anchor_Samsung,1,0.356,3,40,250000,1
SUP_0009,Singapore,T2,Anchor_FedEx,2,0.398,14,31,100000,1
SUP_0009,Singapore,T2,Anchor_FedEx,3,0.3109,3,83,500000,1
SUP_0009,Singapore,T2,Anchor_Samsung,4,0.3479,11,78,100000,1
SUP_0009,Singapore,T2,Anchor_FedEx,5,0.4311,12,65,250000,0
SUP_0009,Singapore,T2,Anchor_Siemens,6,0.1245,9,79,100000,1
SUP_0010,Singapore,T2,Anchor_Samsung,1,0.6284,8,66,50000,0
SUP_0010,Singapore,T2,Anchor_FedEx,2,0.6693,37,53,50000,1
SUP_0010,Singapore,T2,Anchor_Samsung,3,0.6897,10,82,100000,0
SUP_0010,Singapore,T2,Anchor_Unilever,4,0.5716,0,64,1000000,0
SUP_0010,Singapore,T2,Anchor_Siemens,5,0.4787,34,59,1000000,1
SUP_0010,Singapore,T2,Anchor_Apple,6,0.7841,13,88,500000,0
SUP_0011,India,T1,Anchor_FedEx,1,0.3956,13,69,1000000,1
SUP_0011,India,T1,Anchor_Samsung,2,0.4679,14,52,50000,0
SUP_0011,India,T1,Anchor_FedEx,3,0.4313,39,82,250000,1
SUP_0011,India,T1,Anchor_FedEx,4,0.3405,6,32,100000,1
SUP_0011,India,T1,Anchor_FedEx,5,0.276,29,81,500000,1
SUP_0011,India,T1,Anchor_Siemens,6,0.5681,32,86,1000000,1
SUP_0012,India,T3,Anchor_Samsung,1,0.5623,9,34,1000000,0
SUP_0012,India,T3,Anchor_Unilever,2,0.4852,44,65,1000000,1
SUP_0012,India,T3,Anchor_FedEx,3,0.4953,1,74,250000,0
SUP_0012,India,T3,Anchor_FedEx,4,0.5609,25,65,250000,0
SUP_0012,India,T3,Anchor_FedEx,5,0.5191,25,76,500000,0
SUP_0012,India,T3,Anchor_Samsung,6,0.7374,17,69,50000,0
SUP_0013,India,T3,Anchor_Siemens,1,0.3296,4,33,100000,1
SUP_0013,India,T3,Anchor_FedEx,2,0.3681,8,60,1000000,1
SUP_0013,India,T3,Anchor_Samsung,3,0.2065,35,55,50000,1
SUP_0013,India,T3,Anchor_Siemens,4,0.3722,39,84,50000,1
SUP_0013,India,T3,Anchor_FedEx,5,0.3248,40,55,500000,1
SUP_0013,India,T3,Anchor_Apple,6,0.2874,37,40,100000,1
SUP_0014,Singapore,T1,Anchor_Samsung,1,0.475,23,88,500000,0
SUP_0014,Singapore,T1,Anchor_Samsung,2,0.4708,32,53,1000000,1
SUP_0014,Singapore,T1,Anchor_Samsung,3,0.4378,40,49,500000,1
SUP_0014,Singapore,T1,Anchor_Samsung,4,0.4838,39,57,50000,1
SUP_0014,Singapore,T1,Anchor_Siemens,5,0.4274,18,85,50000,0
SUP_0014,Singapore,T1,Anchor_FedEx,6,0.231,15,59,100000,1
SUP_0015,India,T1,Anchor_FedEx,1,0.4758,29,78,500000,0
SUP_0015,India,T1,Anchor_FedEx,2,0.4014,38,58,100000,1
SUP_0015,India,T1,Anchor_Apple,3,0.3696,27,52,1000000,1
SUP_0015,India,T1,Anchor_FedEx,4,0.4555,2,86,1000000,0
SUP_0015,India,T1,Anchor_Unilever,5,0.4273,32,80,100000,1
SUP_0015,India,T1,Anchor_FedEx,6,0.4665,13,53,500000,0
SUP_0016,Singapore,T1,Anchor_Apple,1,0.5497,6,47,50000,0
SUP_0016,Singapore,T1,Anchor_Unilever,2,0.5435,18,48,1000000,0
SUP_0016,Singapore,T1,Anchor_Unilever,3,0.5933,2,31,500000,0
SUP_0016,Singapore,T1,Anchor_Samsung,4,0.6061,29,67,100000,0
SUP_0016,Singapore,T1,Anchor_Samsung,5,0.7199,22,59,100000,0
SUP_0016,Singapore,T1,Anchor_Apple,6,0.4583,8,43,1000000,0
SUP_0017,Singapore,T2,Anchor_Siemens,1,0.3809,28,55,100000,1
SUP_0017,Singapore,T2,Anchor_Apple,2,0.4965,5,40,1000000,0
SUP_0017,Singapore,T2,Anchor_Apple,3,0.4781,24,66,500000,0
SUP_0017,Singapore,T2,Anchor_Siemens,4,0.3208,21,71,250000,1
SUP_0017,Singapore,T2,Anchor_Samsung,5,0.5486,44,41,1000000,1
SUP_0017,Singapore,T2,Anchor_Apple,6,0.2904,16,74,1000000,1
SUP_0018,India,T2,Anchor_Siemens,1,0.4237,25,65,1000000,0
SUP_0018,India,T2,Anchor_Samsung,2,0.4801,35,40,250000,1
SUP_0018,India,T2,Anchor_Siemens,3,0.4056,23,76,50000,0
SUP_0018,India,T2,Anchor_FedEx,4,0.5131,19,76,250000,0
SUP_0018,India,T2,Anchor_Samsung,5,0.5453,8,31,50000,0
SUP_0018,India,T2,Anchor_Apple,6,0.4026,39,72,50000,1
SUP_0019,India,T2,Anchor_Apple,1,0.4252,37,59,500000,1
SUP_0019,India,T2,Anchor_Apple,2,0.4154,16,73,50000,0
SUP_0019,India,T2,Anchor_Siemens,3,0.3916,18,53,50000,1
SUP_0019,India,T2,Anchor_Samsung,4,0.3462,15,83,100000,1
SUP_0019,India,T2,Anchor_Siemens,5,0.3991,25,52,100000,1
SUP_0019,India,T2,Anchor_Samsung,6,0.3925,6,44,250000,1
SUP_0020,India,T1,Anchor_FedEx,1,0.6424,38,59,100000,1
SUP_0020,India,T1,Anchor_FedEx,2,0.644,16,68,500000,0
SUP_0020,India,T1,Anchor_Unilever,3,0.5402,25,69,50000,0
SUP_0020,India,T1,Anchor_Siemens,4,0.6092,24,51,100000,0
SUP_0020,India,T1,Anchor_Apple,5,0.6538,34,31,100000,1
SUP_0020,India,T1,Anchor_Siemens,6,0.4377,12,84,100000,0
SUP_0021,India,T2,Anchor_Samsung,1,0.6332,43,82,500000,1
SUP_0021,India,T2,Anchor_Samsung,2,0.711,29,39,500000,0
SUP_0021,India,T2,Anchor_Apple,3,0.6161,29,43,500000,0
SUP_0021,India,T2,Anchor_Samsung,4,0.6202,24,66,1000000,0
SUP_0021,India,T2,Anchor_Unilever,5,0.6707,3,53,250000,0
SUP_0021,India,T2,Anchor_Unilever,6,0.7125,42,66,250000,1
SUP_0022,India,T1,Anchor_Siemens,1,0.6334,19,37,1000000,0
SUP_0022,India,T1,Anchor_FedEx,2,0.6579,9,75,100000,0
SUP_0022,India,T1,Anchor_Samsung,3,0.6304,22,83,50000,0
SUP_0022,India,T1,Anchor_FedEx,4,0.7115,41,87,100000,1
SUP_0022,India,T1,Anchor_Samsung,5,0.6834,24,76,500000,0
SUP_0022,India,T1,Anchor_Samsung,6,0.5963,10,63,250000,0
SUP_0023,Singapore,T1,Anchor_FedEx,1,0.3935,4,54,250000,1
SUP_0023,Singapore,T1,Anchor_FedEx,2,0.3899,14,89,1000000,1
SUP_0023,Singapore,T1,Anchor_Unilever,3,0.3221,12,77,1000000,1
SUP_0023,Singapore,T1,Anchor_Siemens,4,0.4767,39,79,1000000,1
SUP_0023,Singapore,T1,Anchor_Siemens,5,0.5515,26,69,1000000,0
SUP_0023,Singapore,T1,Anchor_Unilever,6,0.4202,18,53,50000,0
SUP_0024,Singapore,T2,Anchor_Unilever,1,0.29,41,82,250000,1
SUP_0024,Singapore,T2,Anchor_FedEx,2,0.3728,4,36,1000000,1
SUP_0024,Singapore,T2,Anchor_Apple,3,0.404,38,59,500000,1
SUP_0024,Singapore,T2,Anchor_Unilever,4,0.3301,28,42,100000,1
SUP_0024,Singapore,T2,Anchor_Apple,5,0.3608,39,46,500000,1
SUP_0024,Singapore,T2,Anchor_FedEx,6,0.1765,34,74,100000,1
SUP_0025,Singapore,T2,Anchor_Unilever,1,0.4357,28,66,500000,0
SUP_0025,Singapore,T2,Anchor_FedEx,2,0.4393,3,79,50000,0
SUP_0025,Singapore,T2,Anchor_FedEx,3,0.5043,25,51,100000,0
SUP_0025,Singapore,T2,Anchor_Unilever,4,0.5867,28,76,500000,0
SUP_0025,Singapore,T2,Anchor_Samsung,5,0.4001,10,58,250000,0
SUP_0025,Singapore,T2,Anchor_Apple,6,0.4928,25,52,100000,0
SUP_0026,Singapore,T3,Anchor_Siemens,1,0.6121,28,84,250000,0
SUP_0026,Singapore,T3,Anchor_Unilever,2,0.5837,13,31,250000,0
SUP_0026,Singapore,T3,Anchor_FedEx,3,0.6685,36,45,500000,1
SUP_0026,Singapore,T3,Anchor_FedEx,4,0.646,4,86,250000,0
SUP_0026,Singapore,T3,Anchor_Unilever,5,0.6418,24,64,100000,0
SUP_0026,Singapore,T3,Anchor_Unilever,6,0.7796,26,45,50000,0
SUP_0027,Vietnam,T1,Anchor_FedEx,1,0.6411,6,81,1000000,0
SUP_0027,Vietnam,T1,Anchor_Unilever,2,0.5574,23,82,100000,0
SUP_0027,Vietnam,T1,Anchor_Samsung,3,0.6013,6,43,500000,0
SUP_0027,Vietnam,T1,Anchor_Samsung,4,0.5272,37,38,500000,1
SUP_0027,Vietnam,T1,Anchor_FedEx,5,0.4063,7,53,1000000,0
SUP_0027,Vietnam,T1,Anchor_Apple,6,0.441,17,50,250000,0
SUP_0028,Singapore,T2,Anchor_Samsung,1,0.5342,11,46,500000,0
SUP_0028,Singapore,T2,Anchor_Apple,2,0.5418,39,39,500000,1
SUP_0028,Singapore,T2,Anchor_Siemens,3,0.4839,32,59,500000,1
SUP_0028,Singapore,T2,Anchor_Apple,4,0.546,1,68,100000,0
SUP_0028,Singapore,T2,Anchor_FedEx,5,0.6284,39,78,1000000,1
SUP_0028,Singapore,T2,Anchor_Samsung,6,0.5299,8,35,50000,0
SUP_0029,Vietnam,T2,Anchor_FedEx,1,0.595,6,76,500000,0
SUP_0029,Vietnam,T2,Anchor_Apple,2,0.5672,21,35,250000,0
SUP_0029,Vietnam,T2,Anchor_Unilever,3,0.4515,11,47,1000000,0
SUP_0029,Vietnam,T2,Anchor_Unilever,4,0.5117,18,80,1000000,0
SUP_0029,Vietnam,T2,Anchor_Apple,5,0.4167,43,80,100000,1
SUP_0029,Vietnam,T2,Anchor_Samsung,6,0.5821,31,66,250000,1
SUP_0030,India,T1,Anchor_Unilever,1,0.4825,32,44,50000,1
SUP_0030,India,T1,Anchor_Unilever,2,0.574,23,60,1000000,0
SUP_0030,India,T1,Anchor_Unilever,3,0.4808,33,82,100000,1
SUP_0030,India,T1,Anchor_Apple,4,0.5877,5,65,250000,0
SUP_0030,India,T1,Anchor_FedEx,5,0.5719,32,44,100000,1
SUP_0030,India,T1,Anchor_Apple,6,0.569,29,77,500000,0
SUP_0031,India,T2,Anchor_Samsung,1,0.4094,13,70,500000,0
SUP_0031,India,T2,Anchor_FedEx,2,0.4262,16,35,50000,0
SUP_0031,India,T2,Anchor_Unilever,3,0.5147,39,30,500000,1
SUP_0031,India,T2,Anchor_FedEx,4,0.4731,30,76,100000,0
SUP_0031,India,T2,Anchor_Samsung,5,0.2828,11,39,50000,1
SUP_0031,India,T2,Anchor_Unilever,6,0.392,42,37,50000,1
SUP_0032,India,T1,Anchor_Unilever,1,0.4305,36,76,1000000,1
SUP_0032,India,T1,Anchor_Unilever,2,0.3802,43,85,500000,1
SUP_0032,India,T1,Anchor_Samsung,3,0.3787,28,55,250000,1
SUP_0032,India,T1,Anchor_Samsung,4,0.3749,4,82,50000,1
SUP_0032,India,T1,Anchor_FedEx,5,0.362,23,79,250000,1
SUP_0032,India,T1,Anchor_Samsung,6,0.2569,28,54,250000,1
SUP_0033,India,T1,Anchor_Apple,1,0.5043,7,71,1000000,0
SUP_0033,India,T1,Anchor_Siemens,2,0.3799,28,37,100000,1
SUP_0033,India,T1,Anchor_Samsung,3,0.4695,17,59,100000,0
SUP_0033,India,T1,Anchor_FedEx,4,0.557,11,69,50000,0
SUP_0033,India,T1,Anchor_Siemens,5,0.4388,13,45,1000000,0
SUP_0033,India,T1,Anchor_Apple,6,0.4911,1,57,50000,0
SUP_0034,India,T3,Anchor_FedEx,1,0.6132,40,60,500000,1
SUP_0034,India,T3,Anchor_FedEx,2,0.6094,3,67,100000,0
SUP_0034,India,T3,Anchor_Samsung,3,0.6543,0,40,1000000,0
SUP_0034,India,T3,Anchor_Siemens,4,0.6445,6,41,250000,0
SUP_0034,India,T3,Anchor_Unilever,5,0.5567,34,78,100000,1
SUP_0034,India,T3,Anchor_Apple,6,0.5941,13,37,100000,0
SUP_0035,Singapore,T3,Anchor_Siemens,1,0.464,27,35,1000000,0
SUP_0035,Singapore,T3,Anchor_Apple,2,0.496,4,41,1000000,0
SUP_0035,Singapore,T3,Anchor_Apple,3,0.2997,5,52,500000,1
SUP_0035,Singapore,T3,Anchor_FedEx,4,0.5262,20,74,1000000,0
SUP_0035,Singapore,T3,Anchor_Siemens,5,0.5653,3,44,1000000,0
SUP_0035,Singapore,T3,Anchor_Siemens,6,0.4603,13,63,500000,0
SUP_0036,India,T3,Anchor_Apple,1,0.419,7,64,500000,0
SUP_0036,India,T3,Anchor_Unilever,2,0.3713,12,31,100000,1
SUP_0036,India,T3,Anchor_Siemens,3,0.3164,38,39,50000,1
SUP_0036,India,T3,Anchor_Unilever,4,0.3608,35,71,500000,1
SUP_0036,India,T3,Anchor_FedEx,5,0.226,41,74,1000000,1
SUP_0036,India,T3,Anchor_Unilever,6,0.4244,20,83,50000,0
SUP_0037,Singapore,T2,Anchor_Samsung,1,0.5639,7,71,100000,0
SUP_0037,Singapore,T2,Anchor_FedEx,2,0.5454,23,33,500000,0
SUP_0037,Singapore,T2,Anchor_Samsung,3,0.5576,9,65,100000,0
SUP_0037,Singapore,T2,Anchor_Unilever,4,0.4662,34,78,100000,1
SUP_0037,Singapore,T2,Anchor_FedEx,5,0.5385,14,66,500000,0
SUP_0037,Singapore,T2,Anchor_Samsung,6,0.4021,9,40,1000000,0
SUP_0038,Singapore,T1,Anchor_Samsung,1,0.484,38,83,50000,1
SUP_0038,Singapore,T1,Anchor_Unilever,2,0.4972,18,53,100000,0
SUP_0038,Singapore,T1,Anchor_Siemens,3,0.5131,39,65,50000,1
SUP_0038,Singapore,T1,Anchor_Samsung,4,0.5156,7,38,250000,0
SUP_0038,Singapore,T1,Anchor_Unilever,5,0.4774,1,89,1000000,0
SUP_0038,Singapore,T1,Anchor_Apple,6,0.3905,20,61,250000,1
SUP_0039,India,T2,Anchor_Apple,1,0.5234,43,52,50000,1
SUP_0039,India,T2,Anchor_Unilever,2,0.4902,29,52,500000,0
SUP_0039,India,T2,Anchor_Apple,3,0.3998,15,76,50000,1
SUP_0039,India,T2,Anchor_Unilever,4,0.5779,16,41,500000,0
SUP_0039,India,T2,Anchor_Siemens,5,0.4591,39,80,500000,1
SUP_0039,India,T2,Anchor_Samsung,6,0.5981,0,73,1000000,0
SUP_0040,Singapore,T2,Anchor_Unilever,1,0.3453,15,82,500000,1
SUP_0040,Singapore,T2,Anchor_Samsung,2,0.3426,35,43,100000,1
SUP_0040,Singapore,T2,Anchor_Samsung,3,0.2864,8,86,250000,1
SUP_0040,Singapore,T2,Anchor_Unilever,4,0.3768,25,52,100000,1
SUP_0040,Singapore,T2,Anchor_Unilever,5,0.3323,36,51,100000,1
SUP_0040,Singapore,T2,Anchor_Apple,6,0.3577,41,78,1000000,1
SUP_0041,Vietnam,T1,Anchor_Unilever,1,0.4612,6,45,50000,0
SUP_0041,Vietnam,T1,Anchor_FedEx,2,0.4429,1,64,100000,0
SUP_0041,Vietnam,T1,Anchor_Apple,3,0.3458,24,39,50000,1
SUP_0041,Vietnam,T1,Anchor_Samsung,4,0.4496,35,62,1000000,1
SUP_0041,Vietnam,T1,Anchor_Unilever,5,0.4092,33,50,50000,1
SUP_0041,Vietnam,T1,Anchor_Unilever,6,0.2638,11,74,1000000,1
SUP_0042,Vietnam,T2,Anchor_FedEx,1,0.6695,28,61,100000,0
SUP_0042,Vietnam,T2,Anchor_FedEx,2,0.614,30,48,1000000,0
SUP_0042,Vietnam,T2,Anchor_Samsung,3,0.6671,30,40,250000,0
SUP_0042,Vietnam,T2,Anchor_Unilever,4,0.5059,8,50,250000,0
SUP_0042,Vietnam,T2,Anchor_Samsung,5,0.5059,38,33,1000000,1
SUP_0042,Vietnam,T2,Anchor_Unilever,6,0.6734,28,81,500000,0
SUP_0043,Vietnam,T1,Anchor_Unilever,1,0.4435,26,36,1000000,0
SUP_0043,Vietnam,T1,Anchor_FedEx,2,0.4777,1,34,1000000,0
SUP_0043,Vietnam,T1,Anchor_Siemens,3,0.4204,38,87,50000,1
SUP_0043,Vietnam,T1,Anchor_Siemens,4,0.4606,44,55,1000000,1
SUP_0043,Vietnam,T1,Anchor_Siemens,5,0.584,10,64,500000,0
SUP_0043,Vietnam,T1,Anchor_Unilever,6,0.5018,25,82,100000,0
SUP_0044,Singapore,T3,Anchor_Apple,1,0.3446,28,81,1000000,1
SUP_0044,Singapore,T3,Anchor_Samsung,2,0.4403,40,78,50000,1
SUP_0044,Singapore,T3,Anchor_Siemens,3,0.4834,39,89,500000,1
SUP_0044,Singapore,T3,Anchor_FedEx,4,0.4086,7,63,50000,0
SUP_0044,Singapore,T3,Anchor_Unilever,5,0.4146,4,48,50000,0
SUP_0044,Singapore,T3,Anchor_Samsung,6,0.391,12,37,250000,1
SUP_0045,Singapore,T1,Anchor_FedEx,1,0.4776,35,60,500000,1
SUP_0045,Singapore,T1,Anchor_FedEx,2,0.5762,27,36,250000,0
SUP_0045,Singapore,T1,Anchor_Unilever,3,0.5683,9,37,50000,0
SUP_0045,Singapore,T1,Anchor_Samsung,4,0.5363,24,69,100000,0
SUP_0045,Singapore,T1,Anchor_Siemens,5,0.5243,9,54,500000,0
SUP_0045,Singapore,T1,Anchor_Siemens,6,0.5271,1,69,1000000,0
SUP_0046,Vietnam,T2,Anchor_Samsung,1,0.5899,14,39,100000,0
SUP_0046,Vietnam,T2,Anchor_FedEx,2,0.573,39,54,500000,1
SUP_0046,Vietnam,T2,Anchor_Unilever,3,0.6068,20,49,250000,0
SUP_0046,Vietnam,T2,Anchor_FedEx,4,0.6793,20,85,100000,0
SUP_0046,Vietnam,T2,Anchor_Unilever,5,0.7171,20,42,250000,0
SUP_0046,Vietnam,T2,Anchor_Samsung,6,0.6306,42,51,500000,1
SUP_0047,Singapore,T2,Anchor_FedEx,1,0.2971,30,56,500000,1
SUP_0047,Singapore,T2,Anchor_Siemens,2,0.2956,36,72,50000,1
SUP_0047,Singapore,T2,Anchor_Unilever,3,0.3321,29,58,50000,1
SUP_0047,Singapore,T2,Anchor_Apple,4,0.3423,7,76,100000,1
SUP_0047,Singapore,T2,Anchor_FedEx,5,0.19,3,30,100000,1
SUP_0047,Singapore,T2,Anchor_Siemens,6,0.2873,9,54,250000,1
SUP_0048,Vietnam,T2,Anchor_Apple,1,0.3741,41,51,100000,1
SUP_0048,Vietnam,T2,Anchor_Samsung,2,0.3495,13,46,100000,1
SUP_0048,Vietnam,T2,Anchor_FedEx,3,0.4596,5,60,1000000,0
SUP_0048,Vietnam,T2,Anchor_Unilever,4,0.2693,3,76,100000,1
SUP_0048,Vietnam,T2,Anchor_Siemens,5,0.4148,39,50,100000,1
SUP_0048,Vietnam,T2,Anchor_Unilever,6,0.4095,44,33,50000,1
SUP_0049,Vietnam,T2,Anchor_Apple,1,0.4889,3,45,100000,0
SUP_0049,Vietnam,T2,Anchor_Samsung,2,0.5114,18,89,250000,0
SUP_0049,Vietnam,T2,Anchor_Unilever,3,0.4493,30,67,250000,0
SUP_0049,Vietnam,T2,Anchor_Samsung,4,0.4864,29,65,50000,0
SUP_0049,Vietnam,T2,Anchor_Samsung,5,0.3703,10,88,500000,1
SUP_0049,Vietnam,T2,Anchor_Unilever,6,0.4649,16,62,500000,0
SUP_0050,Vietnam,T1,Anchor_Samsung,1,0.5794,38,40,100000,1
SUP_0050,Vietnam,T1,Anchor_Apple,2,0.5659,9,86,250000,0
SUP_0050,Vietnam,T1,Anchor_Apple,3,0.4892,18,74,250000,0
SUP_0050,Vietnam,T1,Anchor_Siemens,4,0.5219,4,80,1000000,0
SUP_0050,Vietnam,T1,Anchor_Apple,5,0.5958,5,65,500000,0
SUP_0050,Vietnam,T1,Anchor_Samsung,6,0.3919,34,68,50000,1
SUP_0051,Singapore,T3,Anchor_Unilever,1,0.2585,30,86,50000,1
SUP_0051,Singapore,T3,Anchor_Unilever,2,0.3321,23,59,100000,1
SUP_0051,Singapore,T3,Anchor_Apple,3,0.2761,13,57,100000,1
SUP_0051,Singapore,T3,Anchor_Samsung,4,0.3577,43,35,1000000,1
SUP_0051,Singapore,T3,Anchor_Unilever,5,0.4063,20,72,100000,0
SUP_0051,Singapore,T3,Anchor_Apple,6,0.2878,5,36,250000,1
SUP_0052,Singapore,T3,Anchor_Apple,1,0.5903,36,86,1000000,1
SUP_0052,Singapore,T3,Anchor_Apple,2,0.6213,22,32,1000000,0
SUP_0052,Singapore,T3,Anchor_Samsung,3,0.6512,40,41,100000,1
SUP_0052,Singapore,T3,Anchor_Samsung,4,0.6361,6,71,50000,0
SUP_0052,Singapore,T3,Anchor_Samsung,5,0.7224,40,72,50000,1
SUP_0052,Singapore,T3,Anchor_Apple,6,0.5953,5,75,50000,0
SUP_0053,Vietnam,T3,Anchor_FedEx,1,0.3863,33,39,1000000,1
SUP_0053,Vietnam,T3,Anchor_Unilever,2,0.4695,23,41,250000,0
SUP_0053,Vietnam,T3,Anchor_Unilever,3,0.4306,25,49,500000,0
SUP_0053,Vietnam,T3,Anchor_Siemens,4,0.426,39,85,500000,1
SUP_0053,Vietnam,T3,Anchor_Apple,5,0.5413,27,87,50000,0
SUP_0053,Vietnam,T3,Anchor_Unilever,6,0.2231,2,54,50000,1
SUP_0054,Singapore,T3,Anchor_FedEx,1,0.4327,42,88,1000000,1
SUP_0054,Singapore,T3,Anchor_Apple,2,0.4129,11,85,500000,0
SUP_0054,Singapore,T3,Anchor_Apple,3,0.553,8,84,100000,0
SUP_0054,Singapore,T3,Anchor_Apple,4,0.4692,11,35,250000,0
SUP_0054,Singapore,T3,Anchor_Siemens,5,0.5131,7,84,500000,0
SUP_0054,Singapore,T3,Anchor_FedEx,6,0.5622,3,66,50000,0
SUP_0055,Singapore,T2,Anchor_Siemens,1,0.5789,20,84,100000,0
SUP_0055,Singapore,T2,Anchor_FedEx,2,0.5348,30,67,250000,0
SUP_0055,Singapore,T2,Anchor_Siemens,3,0.5662,34,34,500000,1
SUP_0055,Singapore,T2,Anchor_Apple,4,0.678,37,81,250000,1
SUP_0055,Singapore,T2,Anchor_FedEx,5,0.6414,33,53,500000,1
SUP_0055,Singapore,T2,Anchor_Unilever,6,0.6138,20,55,100000,0
SUP_0056,India,T3,Anchor_Apple,1,0.2935,17,76,250000,1
SUP_0056,India,T3,Anchor_Samsung,2,0.3076,21,77,1000000,1
SUP_0056,India,T3,Anchor_Siemens,3,0.3809,19,62,100000,1
SUP_0056,India,T3,Anchor_Samsung,4,0.3552,27,69,500000,1
SUP_0056,India,T3,Anchor_Apple,5,0.1699,3,32,50000,1
SUP_0056,India,T3,Anchor_FedEx,6,0.1785,20,44,50000,1
SUP_0057,Vietnam,T1,Anchor_Apple,1,0.4281,14,42,250000,0
SUP_0057,Vietnam,T1,Anchor_FedEx,2,0.4664,26,88,250000,0
SUP_0057,Vietnam,T1,Anchor_FedEx,3,0.367,7,82,250000,1
SUP_0057,Vietnam,T1,Anchor_Samsung,4,0.469,19,43,50000,0
SUP_0057,Vietnam,T1,Anchor_Apple,5,0.418,2,75,250000,0
SUP_0057,Vietnam,T1,Anchor_Samsung,6,0.5055,44,49,250000,1
SUP_0058,India,T1,Anchor_Siemens,1,0.4966,37,85,1000000,1
SUP_0058,India,T1,Anchor_Samsung,2,0.5226,29,46,50000,0
SUP_0058,India,T1,Anchor_FedEx,3,0.5439,40,64,50000,1
SUP_0058,India,T1,Anchor_Apple,4,0.3514,27,33,50000,1
SUP_0058,India,T1,Anchor_Unilever,5,0.5367,29,78,250000,0
SUP_0058,India,T1,Anchor_Siemens,6,0.5875,20,75,1000000,0
SUP_0059,India,T1,Anchor_Unilever,1,0.41,8,38,250000,0
SUP_0059,India,T1,Anchor_Samsung,2,0.4258,31,53,1000000,1
SUP_0059,India,T1,Anchor_Unilever,3,0.3547,25,48,1000000,1
SUP_0059,India,T1,Anchor_Unilever,4,0.265,37,50,50000,1
SUP_0059,India,T1,Anchor_Unilever,5,0.3906,3,57,1000000,1
SUP_0059,India,T1,Anchor_Apple,6,0.4602,1,73,250000,0
SUP_0060,Singapore,T2,Anchor_Samsung,1,0.5416,17,54,1000000,0
SUP_0060,Singapore,T2,Anchor_FedEx,2,0.5661,26,55,500000,0
SUP_0060,Singapore,T2,Anchor_FedEx,3,0.5178,39,64,1000000,1
SUP_0060,Singapore,T2,Anchor_Siemens,4,0.4825,12,78,50000,0
SUP_0060,Singapore,T2,Anchor_FedEx,5,0.401,41,50,50000,1
SUP_0060,Singapore,T2,Anchor_Samsung,6,0.5377,40,66,1000000,1
SUP_0061,India,T2,Anchor_FedEx,1,0.4203,18,40,1000000,0
SUP_0061,India,T2,Anchor_Unilever,2,0.4931,0,74,250000,0
SUP_0061,India,T2,Anchor_Siemens,3,0.4288,32,41,100000,1
SUP_0061,India,T2,Anchor_Samsung,4,0.5161,4,87,250000,0
SUP_0061,India,T2,Anchor_Apple,5,0.2951,19,78,100000,1
SUP_0061,India,T2,Anchor_Unilever,6,0.2569,32,59,100000,1
SUP_0062,Vietnam,T1,Anchor_Samsung,1,0.3599,14,41,100000,1
SUP_0062,Vietnam,T1,Anchor_Apple,2,0.3357,9,70,250000,1
SUP_0062,Vietnam,T1,Anchor_Unilever,3,0.3385,2,57,250000,1
SUP_0062,Vietnam,T1,Anchor_FedEx,4,0.3551,37,58,100000,1
SUP_0062,Vietnam,T1,Anchor_Apple,5,0.1314,44,30,1000000,1
SUP_0062,Vietnam,T1,Anchor_Samsung,6,0.1329,30,78,50000,1
SUP_0063,Singapore,T3,Anchor_Siemens,1,0.3147,8,74,100000,1
SUP_0063,Singapore,T3,Anchor_FedEx,2,0.3561,33,73,250000,1
SUP_0063,Singapore,T3,Anchor_Apple,3,0.3796,10,69,250000,1
SUP_0063,Singapore,T3,Anchor_Apple,4,0.3479,32,65,500000,1
SUP_0063,Singapore,T3,Anchor_Unilever,5,0.2947,9,58,100000,1
SUP_0063,Singapore,T3,Anchor_FedEx,6,0.3107,30,72,250000,1
SUP_0064,India,T2,Anchor_Samsung,1,0.3601,11,81,500000,1
SUP_0064,India,T2,Anchor_FedEx,2,0.3871,4,79,250000,1
SUP_0064,India,T2,Anchor_FedEx,3,0.4558,42,83,100000,1
SUP_0064,India,T2,Anchor_Siemens,4,0.4056,14,35,100000,0
SUP_0064,India,T2,Anchor_Unilever,5,0.5298,17,33,50000,0
SUP_0064,India,T2,Anchor_Siemens,6,0.5189,16,42,500000,0
SUP_0065,Vietnam,T1,Anchor_FedEx,1,0.605,22,82,250000,0
SUP_0065,Vietnam,T1,Anchor_FedEx,2,0.6467,44,61,100000,1
SUP_0065,Vietnam,T1,Anchor_Unilever,3,0.5152,10,73,250000,0
SUP_0065,Vietnam,T1,Anchor_Siemens,4,0.4971,34,53,100000,1
SUP_0065,Vietnam,T1,Anchor_Apple,5,0.6518,23,86,250000,0
SUP_0065,Vietnam,T1,Anchor_Unilever,6,0.49,7,50,1000000,0
SUP_0066,India,T2,Anchor_Siemens,1,0.4741,11,74,250000,0
SUP_0066,India,T2,Anchor_Unilever,2,0.4805,16,34,50000,0
SUP_0066,India,T2,Anchor_Apple,3,0.5378,31,73,500000,1
SUP_0066,India,T2,Anchor_FedEx,4,0.4656,23,62,250000,0
SUP_0066,India,T2,Anchor_FedEx,5,0.6073,13,82,100000,0
SUP_0066,India,T2,Anchor_Siemens,6,0.4415,3,76,250000,0
SUP_0067,India,T1,Anchor_FedEx,1,0.3343,32,78,250000,1
SUP_0067,India,T1,Anchor_Apple,2,0.4042,30,42,1000000,0
SUP_0067,India,T1,Anchor_Unilever,3,0.2825,15,50,100000,1
SUP_0067,India,T1,Anchor_Samsung,4,0.4026,29,64,250000,0
SUP_0067,India,T1,Anchor_FedEx,5,0.4988,29,36,50000,0
SUP_0067,India,T1,Anchor_Siemens,6,0.3856,0,66,1000000,1
SUP_0068,India,T3,Anchor_Apple,1,0.6194,34,65,50000,1
SUP_0068,India,T3,Anchor_FedEx,2,0.5849,3,43,250000,0
SUP_0068,India,T3,Anchor_Siemens,3,0.5966,33,61,1000000,1
SUP_0068,India,T3,Anchor_Apple,4,0.5001,15,67,50000,0
SUP_0068,India,T3,Anchor_Apple,5,0.5835,1,89,100000,0
SUP_0068,India,T3,Anchor_Unilever,6,0.5918,30,76,100000,0
SUP_0069,Singapore,T1,Anchor_Siemens,1,0.4137,28,56,50000,0
SUP_0069,Singapore,T1,Anchor_Siemens,2,0.4194,12,59,250000,0
SUP_0069,Singapore,T1,Anchor_Apple,3,0.3727,22,46,100000,1
SUP_0069,Singapore,T1,Anchor_Apple,4,0.4884,19,83,100000,0
SUP_0069,Singapore,T1,Anchor_Unilever,5,0.4126,29,51,1000000,0
SUP_0069,Singapore,T1,Anchor_Unilever,6,0.5335,17,37,100000,0
SUP_0070,Singapore,T3,Anchor_Samsung,1,0.3281,21,61,100000,1
SUP_0070,Singapore,T3,Anchor_Unilever,2,0.3473,4,35,50000,1
SUP_0070,Singapore,T3,Anchor_Unilever,3,0.2624,43,63,500000,1
SUP_0070,Singapore,T3,Anchor_FedEx,4,0.3953,12,80,50000,1
SUP_0070,Singapore,T3,Anchor_Apple,5,0.3524,22,46,1000000,1
SUP_0070,Singapore,T3,Anchor_Apple,6,0.3607,24,56,1000000,1
SUP_0071,India,T3,Anchor_Siemens,1,0.5522,8,59,500000,0
SUP_0071,India,T3,Anchor_Apple,2,0.5955,36,41,50000,1
SUP_0071,India,T3,Anchor_Apple,3,0.5496,34,70,250000,1
SUP_0071,India,T3,Anchor_Samsung,4,0.5676,6,89,1000000,0
SUP_0071,India,T3,Anchor_Samsung,5,0.5594,8,45,250000,0
SUP_0071,India,T3,Anchor_Unilever,6,0.5586,32,51,1000000,1
SUP_0072,India,T1,Anchor_FedEx,1,0.5541,17,65,500000,0
SUP_0072,India,T1,Anchor_Unilever,2,0.599,20,73,50000,0
SUP_0072,India,T1,Anchor_Siemens,3,0.5976,9,86,500000,0
SUP_0072,India,T1,Anchor_Siemens,4,0.4015,12,39,100000,0
SUP_0072,India,T1,Anchor_Samsung,5,0.4071,2,54,500000,0
SUP_0072,India,T1,Anchor_FedEx,6,0.5341,28,53,50000,0
SUP_0073,Vietnam,T1,Anchor_Samsung,1,0.6018,15,57,500000,0
SUP_0073,Vietnam,T1,Anchor_FedEx,2,0.7107,41,56,50000,1
SUP_0073,Vietnam,T1,Anchor_Unilever,3,0.5767,6,87,50000,0
SUP_0073,Vietnam,T1,Anchor_FedEx,4,0.615,15,45,1000000,0
SUP_0073,Vietnam,T1,Anchor_FedEx,5,0.6573,44,37,500000,1
SUP_0073,Vietnam,T1,Anchor_Siemens,6,0.7775,40,58,100000,1
SUP_0074,Vietnam,T3,Anchor_Samsung,1,0.5163,25,33,1000000,0
SUP_0074,Vietnam,T3,Anchor_Unilever,2,0.4979,10,49,50000,0
SUP_0074,Vietnam,T3,Anchor_Samsung,3,0.4442,25,86,100000,0
SUP_0074,Vietnam,T3,Anchor_Siemens,4,0.5546,10,48,1000000,0
SUP_0074,Vietnam,T3,Anchor_Unilever,5,0.5448,37,76,50000,1
SUP_0074,Vietnam,T3,Anchor_Samsung,6,0.6467,25,70,100000,0
SUP_0075,India,T2,Anchor_FedEx,1,0.2701,37,79,100000,1
SUP_0075,India,T2,Anchor_Siemens,2,0.2381,20,87,100000,1
SUP_0075,India,T2,Anchor_Siemens,3,0.2976,29,32,500000,1
SUP_0075,India,T2,Anchor_Samsung,4,0.3433,32,73,250000,1
SUP_0075,India,T2,Anchor_Unilever,5,0.3899,40,35,250000,1
SUP_0075,India,T2,Anchor_Samsung,6,0.3204,25,85,500000,1
SUP_0076,India,T2,Anchor_Apple,1,0.3693,17,83,500000,1
SUP_0076,India,T2,Anchor_Samsung,2,0.4356,33,58,250000,1
SUP_0076,India,T2,Anchor_Unilever,3,0.4223,31,59,50000,1
SUP_0076,India,T2,Anchor_Apple,4,0.3813,19,46,1000000,1
SUP_0076,India,T2,Anchor_Siemens,5,0.4094,42,71,100000,1
SUP_0076,India,T2,Anchor_FedEx,6,0.3846,7,31,1000000,1
SUP_0077,India,T3,Anchor_Unilever,1,0.4909,2,36,500000,0
SUP_0077,India,T3,Anchor_Samsung,2,0.3821,34,64,250000,1
SUP_0077,India,T3,Anchor_Samsung,3,0.4234,3,47,100000,0
SUP_0077,India,T3,Anchor_Unilever,4,0.4085,44,55,500000,1
SUP_0077,India,T3,Anchor_Samsung,5,0.2506,0,34,100000,1
SUP_0077,India,T3,Anchor_Unilever,6,0.4058,28,70,1000000,0
SUP_0078,India,T1,Anchor_Siemens,1,0.497,18,80,500000,0
SUP_0078,India,T1,Anchor_Apple,2,0.5289,6,84,1000000,0
SUP_0078,India,T1,Anchor_Siemens,3,0.5479,44,44,50000,1
SUP_0078,India,T1,Anchor_Unilever,4,0.597,38,77,50000,1
SUP_0078,India,T1,Anchor_FedEx,5,0.572,2,30,1000000,0
SUP_0078,India,T1,Anchor_Apple,6,0.5407,23,58,500000,0
SUP_0079,India,T2,Anchor_Siemens,1,0.3197,44,52,1000000,1
SUP_0079,India,T2,Anchor_Siemens,2,0.4026,5,86,50000,0
SUP_0079,India,T2,Anchor_FedEx,3,0.3911,2,49,500000,1
SUP_0079,India,T2,Anchor_Samsung,4,0.4024,35,67,1000000,1
SUP_0079,India,T2,Anchor_FedEx,5,0.4787,24,66,250000,0
SUP_0079,India,T2,Anchor_Siemens,6,0.1801,35,77,1000000,1
SUP_0080,India,T1,Anchor_Samsung,1,0.3973,33,61,50000,1
SUP_0080,India,T1,Anchor_Samsung,2,0.3772,21,39,50000,1
SUP_0080,India,T1,Anchor_Samsung,3,0.3839,36,50,50000,1
SUP_0080,India,T1,Anchor_Samsung,4,0.3224,35,80,50000,1
SUP_0080,India,T1,Anchor_Samsung,5,0.3417,5,68,100000,1
SUP_0080,India,T1,Anchor_Apple,6,0.341,16,86,250000,1
SUP_0081,Vietnam,T3,Anchor_Samsung,1,0.3074,2,82,50000,1
SUP_0081,Vietnam,T3,Anchor_Samsung,2,0.2847,44,76,50000,1
SUP_0081,Vietnam,T3,Anchor_Samsung,3,0.3318,17,33,250000,1
SUP_0081,Vietnam,T3,Anchor_Apple,4,0.3821,39,64,50000,1
SUP_0081,Vietnam,T3,Anchor_FedEx,5,0.3726,28,88,50000,1
SUP_0081,Vietnam,T3,Anchor_Siemens,6,0.3075,18,69,50000,1
SUP_0082,Singapore,T2,Anchor_Unilever,1,0.4207,19,54,500000,0
SUP_0082,Singapore,T2,Anchor_FedEx,2,0.399,21,85,50000,1
SUP_0082,Singapore,T2,Anchor_FedEx,3,0.4886,15,32,250000,0
SUP_0082,Singapore,T2,Anchor_Unilever,4,0.2471,7,45,50000,1
SUP_0082,Singapore,T2,Anchor_Samsung,5,0.378,11,56,50000,1
SUP_0082,Singapore,T2,Anchor_Siemens,6,0.375,13,57,250000,1
SUP_0083,Singapore,T2,Anchor_Unilever,1,0.4317,1,88,50000,0
SUP_0083,Singapore,T2,Anchor_FedEx,2,0.3897,6,83,1000000,1
SUP_0083,Singapore,T2,Anchor_Samsung,3,0.3056,40,39,100000,1
SUP_0083,Singapore,T2,Anchor_Apple,4,0.3958,16,39,100000,1
SUP_0083,Singapore,T2,Anchor_Samsung,5,0.32,19,55,50000,1
SUP_0083,Singapore,T2,Anchor_FedEx,6,0.4061,6,41,250000,0
SUP_0084,Singapore,T1,Anchor_Apple,1,0.3442,37,39,250000,1
SUP_0084,Singapore,T1,Anchor_Unilever,2,0.3417,28,56,250000,1
SUP_0084,Singapore,T1,Anchor_Siemens,3,0.3598,1,64,100000,1
SUP_0084,Singapore,T1,Anchor_FedEx,4,0.428,14,35,100000,0
SUP_0084,Singapore,T1,Anchor_FedEx,5,0.3976,35,88,500000,1
SUP_0084,Singapore,T1,Anchor_FedEx,6,0.2448,0,33,100000,1
SUP_0085,India,T2,Anchor_Samsung,1,0.4138,27,74,50000,0
SUP_0085,India,T2,Anchor_Unilever,2,0.5001,8,36,250000,0
SUP_0085,India,T2,Anchor_Samsung,3,0.5509,31,71,100000,1
SUP_0085,India,T2,Anchor_Unilever,4,0.3272,34,83,250000,1
SUP_0085,India,T2,Anchor_FedEx,5,0.3177,28,33,50000,1
SUP_0085,India,T2,Anchor_Samsung,6,0.4661,27,48,250000,0
SUP_0086,Singapore,T2,Anchor_Unilever,1,0.4781,22,78,50000,0
SUP_0086,Singapore,T2,Anchor_Apple,2,0.4711,42,34,250000,1
SUP_0086,Singapore,T2,Anchor_Apple,3,0.5437,15,40,100000,0
SUP_0086,Singapore,T2,Anchor_FedEx,4,0.6478,35,48,1000000,1
SUP_0086,Singapore,T2,Anchor_FedEx,5,0.6331,26,84,100000,0
SUP_0086,Singapore,T2,Anchor_Samsung,6,0.4485,42,35,50000,1
SUP_0087,India,T2,Anchor_FedEx,1,0.6102,42,87,500000,1
SUP_0087,India,T2,Anchor_Apple,2,0.6837,35,69,500000,1
SUP_0087,India,T2,Anchor_Apple,3,0.5009,10,51,50000,0
SUP_0087,India,T2,Anchor_Siemens,4,0.5247,6,51,250000,0
SUP_0087,India,T2,Anchor_Siemens,5,0.588,0,79,1000000,0
SUP_0087,India,T2,Anchor_Siemens,6,0.4661,27,39,100000,0
SUP_0088,India,T2,Anchor_Unilever,1,0.6078,0,34,500000,0
SUP_0088,India,T2,Anchor_Samsung,2,0.5585,41,85,1000000,1
SUP_0088,India,T2,Anchor_Siemens,3,0.5938,31,84,500000,1
SUP_0088,India,T2,Anchor_Apple,4,0.6257,41,78,50000,1
SUP_0088,India,T2,Anchor_Apple,5,0.5944,4,70,50000,0
SUP_0088,India,T2,Anchor_Samsung,6,0.6396,2,45,50000,0
SUP_0089,Singapore,T3,Anchor_Siemens,1,0.3728,22,76,50000,1
SUP_0089,Singapore,T3,Anchor_Siemens,2,0.3286,1,50,500000,1
SUP_0089,Singapore,T3,Anchor_Apple,3,0.3477,35,39,50000,1
SUP_0089,Singapore,T3,Anchor_FedEx,4,0.2489,13,40,500000,1
SUP_0089,Singapore,T3,Anchor_FedEx,5,0.355,32,62,250000,1
SUP_0089,Singapore,T3,Anchor_Samsung,6,0.3628,41,76,1000000,1
SUP_0090,India,T2,Anchor_Samsung,1,0.4849,12,77,1000000,0
SUP_0090,India,T2,Anchor_Apple,2,0.4428,38,58,50000,1
SUP_0090,India,T2,Anchor_Siemens,3,0.4108,38,36,50000,1
SUP_0090,India,T2,Anchor_Samsung,4,0.348,42,46,250000,1
SUP_0090,India,T2,Anchor_Unilever,5,0.5359,25,61,50000,0
SUP_0090,India,T2,Anchor_Siemens,6,0.5038,0,38,50000,0
SUP_0091,Singapore,T1,Anchor_Siemens,1,0.5643,13,36,250000,0
SUP_0091,Singapore,T1,Anchor_FedEx,2,0.6258,44,70,250000,1
SUP_0091,Singapore,T1,Anchor_Unilever,3,0.5531,1,80,50000,0
SUP_0091,Singapore,T1,Anchor_Unilever,4,0.5922,27,44,50000,0
SUP_0091,Singapore,T1,Anchor_Unilever,5,0.7296,14,83,1000000,0
SUP_0091,Singapore,T1,Anchor_FedEx,6,0.5185,2,58,250000,0
SUP_0092,Singapore,T2,Anchor_Apple,1,0.4171,10,88,250000,0
SUP_0092,Singapore,T2,Anchor_Apple,2,0.4442,42,59,50000,1
SUP_0092,Singapore,T2,Anchor_Samsung,3,0.3998,14,85,500000,1
SUP_0092,Singapore,T2,Anchor_Siemens,4,0.5102,36,87,100000,1
SUP_0092,Singapore,T2,Anchor_Unilever,5,0.4987,8,57,1000000,0
SUP_0092,Singapore,T2,Anchor_FedEx,6,0.2879,22,45,1000000,1
SUP_0093,India,T3,Anchor_Apple,1,0.6049,11,71,1000000,0
SUP_0093,India,T3,Anchor_FedEx,2,0.5622,15,83,50000,0
SUP_0093,India,T3,Anchor_Unilever,3,0.4278,9,41,250000,0
SUP_0093,India,T3,Anchor_Apple,4,0.3668,25,46,100000,1
SUP_0093,India,T3,Anchor_Samsung,5,0.5443,37,61,250000,1
SUP_0093,India,T3,Anchor_Siemens,6,0.6799,0,59,500000,0
SUP_0094,Singapore,T2,Anchor_Siemens,1,0.4933,38,39,500000,1
SUP_0094,Singapore,T2,Anchor_Unilever,2,0.477,5,84,100000,0
SUP_0094,Singapore,T2,Anchor_Siemens,3,0.4318,36,30,1000000,1
SUP_0094,Singapore,T2,Anchor_Unilever,4,0.4832,4,44,100000,0
SUP_0094,Singapore,T2,Anchor_Siemens,5,0.5214,39,85,1000000,1
SUP_0094,Singapore,T2,Anchor_FedEx,6,0.5724,7,31,50000,0
SUP_0095,Singapore,T3,Anchor_FedEx,1,0.5067,9,61,1000000,0
SUP_0095,Singapore,T3,Anchor_Siemens,2,0.4775,14,60,1000000,0
SUP_0095,Singapore,T3,Anchor_Unilever,3,0.4107,10,80,1000000,0
SUP_0095,Singapore,T3,Anchor_Apple,4,0.3778,30,67,50000,1
SUP_0095,Singapore,T3,Anchor_Siemens,5,0.634,4,45,1000000,0
SUP_0095,Singapore,T3,Anchor_Siemens,6,0.5624,3,54,1000000,0
SUP_0096,India,T2,Anchor_FedEx,1,0.5403,18,49,100000,0
SUP_0096,India,T2,Anchor_FedEx,2,0.6108,4,34,1000000,0
SUP_0096,India,T2,Anchor_Samsung,3,0.6584,37,49,250000,1
SUP_0096,India,T2,Anchor_Apple,4,0.6613,26,47,250000,0
SUP_0096,India,T2,Anchor_Apple,5,0.4737,40,54,250000,1
SUP_0096,India,T2,Anchor_Samsung,6,0.565,3,36,500000,0
SUP_0097,India,T2,Anchor_Apple,1,0.3339,19,79,50000,1
SUP_0097,India,T2,Anchor_Unilever,2,0.3128,14,72,500000,1
SUP_0097,India,T2,Anchor_Siemens,3,0.3454,12,59,100000,1
SUP_0097,India,T2,Anchor_Unilever,4,0.4067,1,67,100000,0
SUP_0097,India,T2,Anchor_Siemens,5,0.3206,7,49,100000,1
SUP_0097,India,T2,Anchor_FedEx,6,0.1097,15,49,1000000,1
SUP_0098,Singapore,T2,Anchor_FedEx,1,0.6781,34,38,500000,1
SUP_0098,Singapore,T2,Anchor_Samsung,2,0.5666,30,46,1000000,0
SUP_0098,Singapore,T2,Anchor_Samsung,3,0.5362,11,84,50000,0
SUP_0098,Singapore,T2,Anchor_FedEx,4,0.7158,28,59,250000,0
SUP_0098,Singapore,T2,Anchor_Apple,5,0.7059,19,88,100000,0
SUP_0098,Singapore,T2,Anchor_Unilever,6,0.4526,36,44,250000,1
SUP_0099,India,T1,Anchor_Unilever,1,0.6025,28,37,100000,0
SUP_0099,India,T1,Anchor_Siemens,2,0.6303,35,78,1000000,1
SUP_0099,India,T1,Anchor_Apple,3,0.5727,17,60,250000,0
SUP_0099,India,T1,Anchor_Apple,4,0.6281,4,61,250000,0
SUP_0099,India,T1,Anchor_Apple,5,0.4983,30,30,50000,0
SUP_0099,India,T1,Anchor_Samsung,6,0.6418,33,82,1000000,1
SUP_0100,Singapore,T1,Anchor_Unilever,1,0.4267,8,61,100000,0
SUP_0100,Singapore,T1,Anchor_Samsung,2,0.3303,12,47,500000,1
SUP_0100,Singapore,T1,Anchor_Unilever,3,0.4087,17,64,250000,0
SUP_0100,Singapore,T1,Anchor_Siemens,4,0.5325,12,69,50000,0
SUP_0100,Singapore,T1,Anchor_Unilever,5,0.5733,25,89,500000,0
SUP_0100,Singapore,T1,Anchor_FedEx,6,0.4237,12,54,500000,0
SUP_0101,Singapore,T1,Anchor_Siemens,1,0.3006,21,45,50000,1
SUP_0101,Singapore,T1,Anchor_Apple,2,0.3902,34,61,250000,1
SUP_0101,Singapore,T1,Anchor_Unilever,3,0.455,4,58,50000,0
SUP_0101,Singapore,T1,Anchor_Apple,4,0.2115,20,60,500000,1
SUP_0101,Singapore,T1,Anchor_Samsung,5,0.2167,12,49,500000,1
SUP_0101,Singapore,T1,Anchor_Samsung,6,0.3691,12,44,100000,1
SUP_0102,India,T2,Anchor_FedEx,1,0.4072,25,88,1000000,0
SUP_0102,India,T2,Anchor_Samsung,2,0.4002,27,78,1000000,0
SUP_0102,India,T2,Anchor_Siemens,3,0.2106,29,46,100000,1
SUP_0102,India,T2,Anchor_Siemens,4,0.368,17,59,250000,1
SUP_0102,India,T2,Anchor_Unilever,5,0.215,18,69,50000,1
SUP_0102,India,T2,Anchor_Siemens,6,0.3497,30,73,500000,1
SUP_0103,India,T2,Anchor_Unilever,1,0.4369,8,45,50000,0
SUP_0103,India,T2,Anchor_FedEx,2,0.4602,7,86,500000,0
SUP_0103,India,T2,Anchor_FedEx,3,0.384,38,40,50000,1
SUP_0103,India,T2,Anchor_Siemens,4,0.3152,28,87,1000000,1
SUP_0103,India,T2,Anchor_Siemens,5,0.4915,36,67,250000,1
SUP_0103,India,T2,Anchor_FedEx,6,0.4165,34,70,250000,1
SUP_0104,India,T2,Anchor_Unilever,1,0.4386,18,35,100000,0
SUP_0104,India,T2,Anchor_Apple,2,0.4535,3,66,50000,0
SUP_0104,India,T2,Anchor_Apple,3,0.4321,18,84,500000,0
SUP_0104,India,T2,Anchor_Samsung,4,0.4335,27,69,100000,0
SUP_0104,India,T2,Anchor_Unilever,5,0.3883,37,33,250000,1
SUP_0104,India,T2,Anchor_Siemens,6,0.1877,11,45,50000,1
SUP_0105,India,T3,Anchor_FedEx,1,0.5976,9,69,250000,0
SUP_0105,India,T3,Anchor_Samsung,2,0.6414,26,32,250000,0
SUP_0105,India,T3,Anchor_Apple,3,0.5012,22,63,500000,0
SUP_0105,India,T3,Anchor_Samsung,4,0.7521,22,33,50000,0
SUP_0105,India,T3,Anchor_Siemens,5,0.624,21,49,1000000,0
SUP_0105,India,T3,Anchor_Apple,6,0.6381,14,67,100000,0
SUP_0106,Vietnam,T1,Anchor_Samsung,1,0.3825,4,87,250000,1
SUP_0106,Vietnam,T1,Anchor_Unilever,2,0.4026,22,76,250000,0
SUP_0106,Vietnam,T1,Anchor_Apple,3,0.4159,2,52,100000,0
SUP_0106,Vietnam,T1,Anchor_FedEx,4,0.3862,7,78,1000000,1
SUP_0106,Vietnam,T1,Anchor_Siemens,5,0.426,28,67,50000,0
SUP_0106,Vietnam,T1,Anchor_Unilever,6,0.4605,0,31,250000,0
SUP_0107,India,T2,Anchor_Apple,1,0.4782,27,83,50000,0
SUP_0107,India,T2,Anchor_Apple,2,0.488,20,87,500000,0
SUP_0107,India,T2,Anchor_Samsung,3,0.3954,0,66,50000,1
SUP_0107,India,T2,Anchor_Siemens,4,0.5343,41,83,50000,1
SUP_0107,India,T2,Anchor_Samsung,5,0.3848,16,76,100000,1
SUP_0107,India,T2,Anchor_Siemens,6,0.3562,16,67,250000,1
SUP_0108,Singapore,T3,Anchor_Samsung,1,0.392,12,56,1000000,1
SUP_0108,Singapore,T3,Anchor_Siemens,2,0.3313,5,89,100000,1
SUP_0108,Singapore,T3,Anchor_Unilever,3,0.3621,25,34,250000,1
SUP_0108,Singapore,T3,Anchor_Samsung,4,0.3785,3,47,50000,1
SUP_0108,Singapore,T3,Anchor_FedEx,5,0.3734,14,84,250000,1
SUP_0108,Singapore,T3,Anchor_FedEx,6,0.1762,16,64,250000,1
SUP_0109,India,T1,Anchor_Apple,1,0.3619,42,36,50000,1
SUP_0109,India,T1,Anchor_Apple,2,0.3253,12,65,1000000,1
SUP_0109,India,T1,Anchor_Unilever,3,0.255,15,88,500000,1
SUP_0109,India,T1,Anchor_Siemens,4,0.3691,31,57,100000,1
SUP_0109,India,T1,Anchor_Samsung,5,0.3814,30,72,1000000,1
SUP_0109,India,T1,Anchor_FedEx,6,0.4537,43,36,100000,1
SUP_0110,Singapore,T1,Anchor_Siemens,1,0.4027,4,79,1000000,0
SUP_0110,Singapore,T1,Anchor_Siemens,2,0.3928,42,63,1000000,1
SUP_0110,Singapore,T1,Anchor_Apple,3,0.3284,31,35,100000,1
SUP_0110,Singapore,T1,Anchor_Samsung,4,0.2796,31,87,1000000,1
SUP_0110,Singapore,T1,Anchor_FedEx,5,0.5209,41,32,250000,1
SUP_0110,Singapore,T1,Anchor_Samsung,6,0.5233,3,33,50000,0
SUP_0111,Singapore,T1,Anchor_FedEx,1,0.3867,19,30,1000000,1
SUP_0111,Singapore,T1,Anchor_Unilever,2,0.4524,8,32,500000,0
SUP_0111,Singapore,T1,Anchor_Apple,3,0.3519,8,70,250000,1
SUP_0111,Singapore,T1,Anchor_Samsung,4,0.4647,22,34,500000,0
SUP_0111,Singapore,T1,Anchor_Apple,5,0.1713,13,39,50000,1
SUP_0111,Singapore,T1,Anchor_Samsung,6,0.4332,40,59,250000,1
SUP_0112,Singapore,T1,Anchor_Samsung,1,0.4696,11,31,100000,0
SUP_0112,Singapore,T1,Anchor_Samsung,2,0.5356,10,88,250000,0
SUP_0112,Singapore,T1,Anchor_FedEx,3,0.513,43,35,100000,1
SUP_0112,Singapore,T1,Anchor_Apple,4,0.4985,3,42,100000,0
SUP_0112,Singapore,T1,Anchor_Unilever,5,0.4803,39,36,500000,1
SUP_0112,Singapore,T1,Anchor_Siemens,6,0.5389,16,72,50000,0
SUP_0113,Singapore,T3,Anchor_Apple,1,0.3396,36,41,1000000,1
SUP_0113,Singapore,T3,Anchor_FedEx,2,0.4008,28,66,500000,0
SUP_0113,Singapore,T3,Anchor_FedEx,3,0.3354,36,50,500000,1
SUP_0113,Singapore,T3,Anchor_Unilever,4,0.3873,5,54,100000,1
SUP_0113,Singapore,T3,Anchor_Siemens,5,0.3674,29,65,250000,1
SUP_0113,Singapore,T3,Anchor_Siemens,6,0.3839,42,42,500000,1
SUP_0114,Vietnam,T3,Anchor_Unilever,1,0.6001,37,48,50000,1
SUP_0114,Vietnam,T3,Anchor_Apple,2,0.5276,3,61,100000,0
SUP_0114,Vietnam,T3,Anchor_Siemens,3,0.5342,3,51,500000,0
SUP_0114,Vietnam,T3,Anchor_Apple,4,0.5526,8,71,500000,0
SUP_0114,Vietnam,T3,Anchor_Siemens,5,0.7283,20,86,250000,0
SUP_0114,Vietnam,T3,Anchor_FedEx,6,0.7636,1,61,500000,0
SUP_0115,India,T2,Anchor_Siemens,1,0.4565,38,45,250000,1
SUP_0115,India,T2,Anchor_Unilever,2,0.5194,20,40,100000,0
SUP_0115,India,T2,Anchor_Samsung,3,0.4504,27,40,500000,0
SUP_0115,India,T2,Anchor_Apple,4,0.4864,1,36,500000,0
SUP_0115,India,T2,Anchor_Apple,5,0.3333,2,41,250000,1
SUP_0115,India,T2,Anchor_Apple,6,0.4698,15,31,500000,0
SUP_0116,India,T3,Anchor_Samsung,1,0.321,12,62,100000,1
SUP_0116,India,T3,Anchor_Siemens,2,0.2988,15,83,50000,1
SUP_0116,India,T3,Anchor_Samsung,3,0.3519,11,31,500000,1
SUP_0116,India,T3,Anchor_Samsung,4,0.117,31,39,100000,1
SUP_0116,India,T3,Anchor_FedEx,5,0.4464,35,80,100000,1
SUP_0116,India,T3,Anchor_Siemens,6,0.2976,1,43,500000,1
SUP_0117,Singapore,T3,Anchor_Siemens,1,0.4755,13,75,100000,0
SUP_0117,Singapore,T3,Anchor_Unilever,2,0.4413,11,63,1000000,0
SUP_0117,Singapore,T3,Anchor_Samsung,3,0.5643,24,65,1000000,0
SUP_0117,Singapore,T3,Anchor_FedEx,4,0.5146,37,47,1000000,1
SUP_0117,Singapore,T3,Anchor_Unilever,5,0.5268,13,69,50000,0
SUP_0117,Singapore,T3,Anchor_Unilever,6,0.4731,6,43,50000,0
SUP_0118,Singapore,T1,Anchor_FedEx,1,0.5882,22,81,250000,0
SUP_0118,Singapore,T1,Anchor_Samsung,2,0.5396,34,60,500000,1
SUP_0118,Singapore,T1,Anchor_FedEx,3,0.5918,12,69,500000,0
SUP_0118,Singapore,T1,Anchor_Samsung,4,0.582,28,38,100000,0
SUP_0118,Singapore,T1,Anchor_Unilever,5,0.5494,0,84,500000,0
SUP_0118,Singapore,T1,Anchor_FedEx,6,0.3932,38,40,1000000,1
SUP_0119,Singapore,T3,Anchor_Samsung,1,0.298,0,87,100000,1
SUP_0119,Singapore,T3,Anchor_Siemens,2,0.36,7,35,250000,1
SUP_0119,Singapore,T3,Anchor_Unilever,3,0.356,11,73,1000000,1
SUP_0119,Singapore,T3,Anchor_FedEx,4,0.3669,3,68,250000,1
SUP_0119,Singapore,T3,Anchor_Unilever,5,0.2952,21,89,500000,1
SUP_0119,Singapore,T3,Anchor_FedEx,6,0.3442,21,74,250000,1
SUP_0120,Singapore,T2,Anchor_Siemens,1,0.3249,42,52,500000,1
SUP_0120,Singapore,T2,Anchor_FedEx,2,0.425,18,85,500000,0
SUP_0120,Singapore,T2,Anchor_FedEx,3,0.3905,42,63,500000,1
SUP_0120,Singapore,T2,Anchor_Samsung,4,0.3737,27,71,250000,1
SUP_0120,Singapore,T2,Anchor_FedEx,5,0.5268,6,85,1000000,0
SUP_0120,Singapore,T2,Anchor_Unilever,6,0.5163,25,41,250000,0
SUP_0121,India,T3,Anchor_Siemens,1,0.6392,24,42,50000,0
SUP_0121,India,T3,Anchor_Samsung,2,0.6748,10,33,100000,0
SUP_0121,India,T3,Anchor_Samsung,3,0.6361,25,76,1000000,0
SUP_0121,India,T3,Anchor_FedEx,4,0.6002,13,65,500000,0
SUP_0121,India,T3,Anchor_Samsung,5,0.6676,44,58,250000,1
SUP_0121,India,T3,Anchor_Samsung,6,0.429,37,88,100000,1
SUP_0122,India,T3,Anchor_Siemens,1,0.5101,6,86,100000,0
SUP_0122,India,T3,Anchor_Samsung,2,0.5409,32,81,500000,1
SUP_0122,India,T3,Anchor_Unilever,3,0.5709,25,72,50000,0
SUP_0122,India,T3,Anchor_Siemens,4,0.4138,8,79,250000,0
SUP_0122,India,T3,Anchor_FedEx,5,0.38,42,81,50000,1
SUP_0122,India,T3,Anchor_FedEx,6,0.5248,28,89,250000,0
SUP_0123,India,T2,Anchor_FedEx,1,0.4666,29,33,100000,0
SUP_0123,India,T2,Anchor_Apple,2,0.4961,35,59,100000,1
SUP_0123,India,T2,Anchor_FedEx,3,0.4683,23,37,1000000,0
SUP_0123,India,T2,Anchor_Samsung,4,0.4271,29,66,100000,0
SUP_0123,India,T2,Anchor_Unilever,5,0.4312,1,44,1000000,0
SUP_0123,India,T2,Anchor_FedEx,6,0.2594,2,47,100000,1
SUP_0124,Singapore,T1,Anchor_Unilever,1,0.3859,10,87,250000,1
SUP_0124,Singapore,T1,Anchor_Siemens,2,0.4318,33,78,100000,1
SUP_0124,Singapore,T1,Anchor_FedEx,3,0.5314,20,86,500000,0
SUP_0124,Singapore,T1,Anchor_Apple,4,0.4513,8,80,1000000,0
SUP_0124,Singapore,T1,Anchor_FedEx,5,0.5491,31,82,100000,1
SUP_0124,Singapore,T1,Anchor_Siemens,6,0.451,14,87,250000,0
SUP_0125,Vietnam,T1,Anchor_Siemens,1,0.3128,11,35,1000000,1
SUP_0125,Vietnam,T1,Anchor_Apple,2,0.3195,7,37,500000,1
SUP_0125,Vietnam,T1,Anchor_Unilever,3,0.3888,8,32,1000000,1
SUP_0125,Vietnam,T1,Anchor_Apple,4,0.3197,14,36,50000,1
SUP_0125,Vietnam,T1,Anchor_Samsung,5,0.3777,42,39,50000,1
SUP_0125,Vietnam,T1,Anchor_Unilever,6,0.5177,16,54,100000,0
SUP_0126,India,T2,Anchor_Siemens,1,0.598,17,54,250000,0
SUP_0126,India,T2,Anchor_FedEx,2,0.5925,27,47,250000,0
SUP_0126,India,T2,Anchor_Unilever,3,0.6783,32,57,50000,1
SUP_0126,India,T2,Anchor_Siemens,4,0.4147,25,32,1000000,0
SUP_0126,India,T2,Anchor_Apple,5,0.419,1,47,1000000,0
SUP_0126,India,T2,Anchor_Apple,6,0.549,12,41,50000,0
SUP_0127,India,T3,Anchor_Unilever,1,0.5824,44,43,50000,1
SUP_0127,India,T3,Anchor_FedEx,2,0.4931,21,72,100000,0
SUP_0127,India,T3,Anchor_Unilever,3,0.6148,18,62,250000,0
SUP_0127,India,T3,Anchor_Apple,4,0.379,36,78,250000,1
SUP_0127,India,T3,Anchor_Unilever,5,0.415,22,42,500000,0
SUP_0127,India,T3,Anchor_Unilever,6,0.4601,44,89,1000000,1
SUP_0128,India,T3,Anchor_FedEx,1,0.3693,22,80,250000,1
SUP_0128,India,T3,Anchor_FedEx,2,0.4191,12,59,100000,0
SUP_0128,India,T3,Anchor_Siemens,3,0.4488,26,52,500000,0
SUP_0128,India,T3,Anchor_FedEx,4,0.2947,39,80,100000,1
SUP_0128,India,T3,Anchor_Siemens,5,0.4533,8,56,1000000,0
SUP_0128,India,T3,Anchor_Siemens,6,0.4487,25,50,1000000,0
SUP_0129,Singapore,T1,Anchor_FedEx,1,0.4263,40,87,50000,1
SUP_0129,Singapore,T1,Anchor_FedEx,2,0.4112,44,35,100000,1
SUP_0129,Singapore,T1,Anchor_Apple,3,0.5108,18,53,50000,0
SUP_0129,Singapore,T1,Anchor_FedEx,4,0.4152,44,53,50000,1
SUP_0129,Singapore,T1,Anchor_FedEx,5,0.3323,28,63,250000,1
SUP_0129,Singapore,T1,Anchor_Samsung,6,0.4597,8,83,100000,0
SUP_0130,Singapore,T2,Anchor_Siemens,1,0.3444,24,63,1000000,1
SUP_0130,Singapore,T2,Anchor_Samsung,2,0.3408,5,87,250000,1
SUP_0130,Singapore,T2,Anchor_Unilever,3,0.2754,17,81,500000,1
SUP_0130,Singapore,T2,Anchor_Unilever,4,0.3245,14,60,50000,1
SUP_0130,Singapore,T2,Anchor_Samsung,5,0.3324,34,44,500000,1
SUP_0130,Singapore,T2,Anchor_Apple,6,0.336,19,34,100000,1
SUP_0131,Singapore,T2,Anchor_FedEx,1,0.5306,7,70,50000,0
SUP_0131,Singapore,T2,Anchor_Siemens,2,0.5459,34,40,1000000,1
SUP_0131,Singapore,T2,Anchor_Unilever,3,0.4838,9,66,50000,0
SUP_0131,Singapore,T2,Anchor_Siemens,4,0.6247,22,31,1000000,0
SUP_0131,Singapore,T2,Anchor_Apple,5,0.6064,30,54,500000,0
SUP_0131,Singapore,T2,Anchor_Apple,6,0.6077,44,46,50000,1
SUP_0132,India,T1,Anchor_Apple,1,0.5559,34,87,250000,1
SUP_0132,India,T1,Anchor_FedEx,2,0.5114,18,34,500000,0
SUP_0132,India,T1,Anchor_Unilever,3,0.5732,40,53,50000,1
SUP_0132,India,T1,Anchor_Samsung,4,0.5362,13,64,250000,0
SUP_0132,India,T1,Anchor_FedEx,5,0.61,15,54,100000,0
SUP_0132,India,T1,Anchor_Apple,6,0.5205,18,81,50000,0
SUP_0133,Singapore,T1,Anchor_Apple,1,0.4381,5,54,1000000,0
SUP_0133,Singapore,T1,Anchor_FedEx,2,0.4224,16,84,100000,0
SUP_0133,Singapore,T1,Anchor_Siemens,3,0.3041,37,40,250000,1
SUP_0133,Singapore,T1,Anchor_FedEx,4,0.4806,38,50,250000,1
SUP_0133,Singapore,T1,Anchor_Samsung,5,0.5304,44,38,1000000,1
SUP_0133,Singapore,T1,Anchor_FedEx,6,0.3931,3,85,250000,1
SUP_0134,Singapore,T2,Anchor_FedEx,1,0.5216,40,52,250000,1
SUP_0134,Singapore,T2,Anchor_Siemens,2,0.5222,35,62,50000,1
SUP_0134,Singapore,T2,Anchor_FedEx,3,0.567,31,77,500000,1
SUP_0134,Singapore,T2,Anchor_Siemens,4,0.6,13,64,1000000,0
SUP_0134,Singapore,T2,Anchor_Apple,5,0.5343,17,52,100000,0
SUP_0134,Singapore,T2,Anchor_Apple,6,0.3617,26,35,500000,1
SUP_0135,Singapore,T3,Anchor_Siemens,1,0.4103,23,63,500000,0
SUP_0135,Singapore,T3,Anchor_Unilever,2,0.3918,33,30,50000,1
SUP_0135,Singapore,T3,Anchor_Siemens,3,0.2873,30,84,50000,1
SUP_0135,Singapore,T3,Anchor_Apple,4,0.2238,26,37,50000,1
SUP_0135,Singapore,T3,Anchor_Siemens,5,0.3842,20,49,1000000,1
SUP_0135,Singapore,T3,Anchor_Apple,6,0.5343,15,66,100000,0
SUP_0136,Singapore,T2,Anchor_Samsung,1,0.5118,5,59,50000,0
SUP_0136,Singapore,T2,Anchor_FedEx,2,0.552,15,49,50000,0
SUP_0136,Singapore,T2,Anchor_FedEx,3,0.5697,8,31,500000,0
SUP_0136,Singapore,T2,Anchor_Apple,4,0.5337,21,51,1000000,0
SUP_0136,Singapore,T2,Anchor_Samsung,5,0.3902,32,30,500000,1
SUP_0136,Singapore,T2,Anchor_FedEx,6,0.5271,26,47,250000,0
SUP_0137,Vietnam,T2,Anchor_Samsung,1,0.5143,12,47,1000000,0
SUP_0137,Vietnam,T2,Anchor_Apple,2,0.5039,16,71,250000,0
SUP_0137,Vietnam,T2,Anchor_Apple,3,0.411,17,36,100000,0
SUP_0137,Vietnam,T2,Anchor_Siemens,4,0.5187,42,75,1000000,1
SUP_0137,Vietnam,T2,Anchor_Unilever,5,0.505,5,71,250000,0
SUP_0137,Vietnam,T2,Anchor_FedEx,6,0.3631,23,30,50000,1
SUP_0138,India,T2,Anchor_FedEx,1,0.4296,28,49,50000,0
SUP_0138,India,T2,Anchor_Apple,2,0.3929,30,30,100000,1
SUP_0138,India,T2,Anchor_FedEx,3,0.3744,21,75,250000,1
SUP_0138,India,T2,Anchor_Apple,4,0.3872,34,63,1000000,1
SUP_0138,India,T2,Anchor_Unilever,5,0.2492,15,50,250000,1
SUP_0138,India,T2,Anchor_Unilever,6,0.4833,25,69,50000,0
SUP_0139,India,T2,Anchor_Apple,1,0.5944,14,73,1000000,0
SUP_0139,India,T2,Anchor_FedEx,2,0.6,15,43,100000,0
SUP_0139,India,T2,Anchor_Samsung,3,0.5038,21,35,500000,0
SUP_0139,India,T2,Anchor_FedEx,4,0.5337,5,76,100000,0
SUP_0139,India,T2,Anchor_Samsung,5,0.4224,25,56,500000,0
SUP_0139,India,T2,Anchor_Siemens,6,0.388,4,56,100000,1
SUP_0140,Singapore,T3,Anchor_Apple,1,0.5359,28,43,250000,0
SUP_0140,Singapore,T3,Anchor_Apple,2,0.5727,28,52,50000,0
SUP_0140,Singapore,T3,Anchor_Samsung,3,0.6627,40,36,1000000,1
SUP_0140,Singapore,T3,Anchor_Apple,4,0.5817,5,61,100000,0
SUP_0140,Singapore,T3,Anchor_Apple,5,0.5539,32,46,250000,1
SUP_0140,Singapore,T3,Anchor_Samsung,6,0.4227,11,71,250000,0
SUP_0141,India,T3,Anchor_Siemens,1,0.4534,6,65,50000,0
SUP_0141,India,T3,Anchor_Samsung,2,0.4805,25,51,250000,0
SUP_0141,India,T3,Anchor_Siemens,3,0.4176,40,67,50000,1
SUP_0141,India,T3,Anchor_Samsung,4,0.4472,1,66,500000,0
SUP_0141,India,T3,Anchor_Apple,5,0.4136,29,82,250000,0
SUP_0141,India,T3,Anchor_Apple,6,0.363,28,47,1000000,1
SUP_0142,India,T1,Anchor_Samsung,1,0.631,8,46,1000000,0
SUP_0142,India,T1,Anchor_FedEx,2,0.5585,19,47,500000,0
SUP_0142,India,T1,Anchor_Apple,3,0.5096,18,66,500000,0
SUP_0142,India,T1,Anchor_Unilever,4,0.5567,25,55,50000,0
SUP_0142,India,T1,Anchor_Samsung,5,0.5409,18,71,500000,0
SUP_0142,India,T1,Anchor_FedEx,6,0.722,2,78,50000,0
SUP_0143,Singapore,T2,Anchor_Siemens,1,0.6388,23,45,50000,0
SUP_0143,Singapore,T2,Anchor_Apple,2,0.5583,15,39,1000000,0
SUP_0143,Singapore,T2,Anchor_FedEx,3,0.5853,40,36,100000,1
SUP_0143,Singapore,T2,Anchor_Apple,4,0.5475,32,36,50000,1
SUP_0143,Singapore,T2,Anchor_Unilever,5,0.5704,25,41,50000,0
SUP_0143,Singapore,T2,Anchor_Unilever,6,0.5193,33,53,100000,1
SUP_0144,Singapore,T2,Anchor_Unilever,1,0.4374,1,46,500000,0
SUP_0144,Singapore,T2,Anchor_Apple,2,0.4434,11,32,500000,0
SUP_0144,Singapore,T2,Anchor_Siemens,3,0.4909,5,75,500000,0
SUP_0144,Singapore,T2,Anchor_Siemens,4,0.3536,29,41,250000,1
SUP_0144,Singapore,T2,Anchor_Siemens,5,0.3922,26,49,250000,1
SUP_0144,Singapore,T2,Anchor_FedEx,6,0.3407,4,36,250000,1
SUP_0145,Singapore,T1,Anchor_Samsung,1,0.4234,5,58,100000,0
SUP_0145,Singapore,T1,Anchor_Apple,2,0.315,10,50,1000000,1
SUP_0145,Singapore,T1,Anchor_Samsung,3,0.3594,33,75,100000,1
SUP_0145,Singapore,T1,Anchor_FedEx,4,0.381,2,46,50000,1
SUP_0145,Singapore,T1,Anchor_Samsung,5,0.3234,20,71,500000,1
SUP_0145,Singapore,T1,Anchor_Unilever,6,0.3683,1,48,50000,1
SUP_0146,India,T1,Anchor_Samsung,1,0.5178,11,86,100000,0
SUP_0146,India,T1,Anchor_Apple,2,0.4906,35,40,1000000,1
SUP_0146,India,T1,Anchor_Siemens,3,0.6701,20,83,500000,0
SUP_0146,India,T1,Anchor_Samsung,4,0.5292,19,68,50000,0
SUP_0146,India,T1,Anchor_Apple,5,0.557,43,51,100000,1
SUP_0146,India,T1,Anchor_FedEx,6,0.3767,37,80,100000,1
SUP_0147,India,T2,Anchor_Samsung,1,0.5184,23,68,250000,0
SUP_0147,India,T2,Anchor_Unilever,2,0.5505,31,57,100000,1
SUP_0147,India,T2,Anchor_Apple,3,0.4927,41,61,50000,1
SUP_0147,India,T2,Anchor_Siemens,4,0.4163,39,63,50000,1
SUP_0147,India,T2,Anchor_FedEx,5,0.6198,19,63,250000,0
SUP_0147,India,T2,Anchor_Siemens,6,0.488,17,83,500000,0
SUP_0148,Singapore,T2,Anchor_Samsung,1,0.4022,39,42,500000,1
SUP_0148,Singapore,T2,Anchor_FedEx,2,0.5034,36,47,100000,1
SUP_0148,Singapore,T2,Anchor_Siemens,3,0.4121,33,53,50000,1
SUP_0148,Singapore,T2,Anchor_Apple,4,0.3463,4,86,1000000,1
SUP_0148,Singapore,T2,Anchor_Apple,5,0.3835,11,87,250000,1
SUP_0148,Singapore,T2,Anchor_Siemens,6,0.3354,12,47,500000,1
SUP_0149,Singapore,T1,Anchor_Unilever,1,0.3316,22,45,50000,1
SUP_0149,Singapore,T1,Anchor_Siemens,2,0.3492,12,66,250000,1
SUP_0149,Singapore,T1,Anchor_Apple,3,0.3594,14,79,500000,1
SUP_0149,Singapore,T1,Anchor_Siemens,4,0.3375,35,44,50000,1
SUP_0149,Singapore,T1,Anchor_Siemens,5,0.1873,28,52,1000000,1
SUP_0149,Singapore,T1,Anchor_Siemens,6,0.1521,38,56,250000,1
SUP_0150,India,T1,Anchor_Samsung,1,0.4416,41,82,500000,1
SUP_0150,India,T1,Anchor_Unilever,2,0.3139,32,66,50000,1
SUP_0150,India,T1,Anchor_Siemens,3,0.3651,34,85,100000,1
SUP_0150,India,T1,Anchor_Apple,4,0.474,38,42,1000000,1
SUP_0150,India,T1,Anchor_Samsung,5,0.388,32,33,1000000,1
SUP_0150,India,T1,Anchor_Samsung,6,0.486,42,39,1000000,1
SUP_0151,India,T3,Anchor_Siemens,1,0.3795,35,63,250000,1
SUP_0151,India,T3,Anchor_FedEx,2,0.3884,17,82,250000,1
SUP_0151,India,T3,Anchor_Siemens,3,0.4011,3,43,50000,0
SUP_0151,India,T3,Anchor_Unilever,4,0.3459,14,79,100000,1
SUP_0151,India,T3,Anchor_Apple,5,0.5169,38,30,50000,1
SUP_0151,India,T3,Anchor_FedEx,6,0.4106,23,56,100000,0
SUP_0152,Vietnam,T1,Anchor_Unilever,1,0.539,8,33,100000,0
SUP_0152,Vietnam,T1,Anchor_FedEx,2,0.5579,30,69,250000,0
SUP_0152,Vietnam,T1,Anchor_FedEx,3,0.5436,12,45,500000,0
SUP_0152,Vietnam,T1,Anchor_Unilever,4,0.6304,43,59,250000,1
SUP_0152,Vietnam,T1,Anchor_Unilever,5,0.5129,20,84,500000,0
SUP_0152,Vietnam,T1,Anchor_Unilever,6,0.3549,19,52,1000000,1
SUP_0153,India,T1,Anchor_Unilever,1,0.4539,17,74,500000,0
SUP_0153,India,T1,Anchor_Unilever,2,0.4705,44,48,50000,1
SUP_0153,India,T1,Anchor_Apple,3,0.3644,9,34,50000,1
SUP_0153,India,T1,Anchor_Apple,4,0.3153,9,34,250000,1
SUP_0153,India,T1,Anchor_Siemens,5,0.5114,29,50,50000,0
SUP_0153,India,T1,Anchor_Unilever,6,0.2901,30,34,1000000,1
SUP_0154,Singapore,T2,Anchor_Samsung,1,0.643,13,42,1000000,0
SUP_0154,Singapore,T2,Anchor_Apple,2,0.6152,43,65,50000,1
SUP_0154,Singapore,T2,Anchor_Unilever,3,0.7205,22,45,500000,0
SUP_0154,Singapore,T2,Anchor_Siemens,4,0.5806,27,54,1000000,0
SUP_0154,Singapore,T2,Anchor_Siemens,5,0.598,0,62,250000,0
SUP_0154,Singapore,T2,Anchor_FedEx,6,0.7184,40,64,50000,1
SUP_0155,Singapore,T3,Anchor_Siemens,1,0.4281,33,74,250000,1
SUP_0155,Singapore,T3,Anchor_Samsung,2,0.4201,22,78,50000,0
SUP_0155,Singapore,T3,Anchor_Apple,3,0.4592,41,83,250000,1
SUP_0155,Singapore,T3,Anchor_Apple,4,0.4669,26,46,500000,0
SUP_0155,Singapore,T3,Anchor_Samsung,5,0.4664,6,83,500000,0
SUP_0155,Singapore,T3,Anchor_Samsung,6,0.264,37,33,1000000,1
SUP_0156,India,T1,Anchor_Siemens,1,0.3379,13,53,100000,1
SUP_0156,India,T1,Anchor_Apple,2,0.2558,11,48,50000,1
SUP_0156,India,T1,Anchor_Siemens,3,0.3855,18,56,500000,1
SUP_0156,India,T1,Anchor_Samsung,4,0.2572,44,50,100000,1
SUP_0156,India,T1,Anchor_FedEx,5,0.2331,31,75,500000,1
SUP_0156,India,T1,Anchor_Apple,6,0.458,28,68,500000,0
SUP_0157,Singapore,T2,Anchor_FedEx,1,0.4443,37,89,50000,1
SUP_0157,Singapore,T2,Anchor_FedEx,2,0.5454,7,75,250000,0
SUP_0157,Singapore,T2,Anchor_Samsung,3,0.5163,19,68,500000,0
SUP_0157,Singapore,T2,Anchor_Unilever,4,0.4619,13,72,1000000,0
SUP_0157,Singapore,T2,Anchor_Samsung,5,0.3036,6,30,500000,1
SUP_0157,Singapore,T2,Anchor_Unilever,6,0.5618,41,73,500000,1
SUP_0158,India,T3,Anchor_Samsung,1,0.5663,3,46,250000,0
SUP_0158,India,T3,Anchor_Apple,2,0.4905,38,84,100000,1
SUP_0158,India,T3,Anchor_Apple,3,0.4552,14,73,1000000,0
SUP_0158,India,T3,Anchor_Apple,4,0.5004,2,32,250000,0
SUP_0158,India,T3,Anchor_Apple,5,0.3129,12,36,500000,1
SUP_0158,India,T3,Anchor_Unilever,6,0.2663,16,53,250000,1
SUP_0159,Vietnam,T1,Anchor_Unilever,1,0.4263,37,53,250000,1
SUP_0159,Vietnam,T1,Anchor_FedEx,2,0.4067,36,33,500000,1
SUP_0159,Vietnam,T1,Anchor_Samsung,3,0.4506,26,42,500000,0
SUP_0159,Vietnam,T1,Anchor_Samsung,4,0.4328,16,64,100000,0
SUP_0159,Vietnam,T1,Anchor_FedEx,5,0.2423,25,72,250000,1
SUP_0159,Vietnam,T1,Anchor_Siemens,6,0.4164,11,87,500000,0
SUP_0160,India,T2,Anchor_Samsung,1,0.573,9,42,50000,0
SUP_0160,India,T2,Anchor_FedEx,2,0.6104,44,45,250000,1
SUP_0160,India,T2,Anchor_Apple,3,0.6519,9,82,500000,0
SUP_0160,India,T2,Anchor_FedEx,4,0.6025,30,37,1000000,0
SUP_0160,India,T2,Anchor_Samsung,5,0.5699,19,61,100000,0
SUP_0160,India,T2,Anchor_Samsung,6,0.5813,11,54,1000000,0
SUP_0161,Singapore,T2,Anchor_Unilever,1,0.6105,21,31,50000,0
SUP_0161,Singapore,T2,Anchor_Siemens,2,0.594,28,78,50000,0
SUP_0161,Singapore,T2,Anchor_Siemens,3,0.6552,17,68,1000000,0
SUP_0161,Singapore,T2,Anchor_Apple,4,0.5289,9,60,250000,0
SUP_0161,Singapore,T2,Anchor_FedEx,5,0.5887,37,83,100000,1
SUP_0161,Singapore,T2,Anchor_Samsung,6,0.7369,12,59,250000,0
SUP_0162,India,T2,Anchor_Apple,1,0.6301,29,56,1000000,0
SUP_0162,India,T2,Anchor_Siemens,2,0.5413,41,36,250000,1
SUP_0162,India,T2,Anchor_Apple,3,0.6231,31,44,250000,1
SUP_0162,India,T2,Anchor_Unilever,4,0.6363,38,58,250000,1
SUP_0162,India,T2,Anchor_FedEx,5,0.7684,10,67,50000,0
SUP_0162,India,T2,Anchor_Apple,6,0.7719,37,60,250000,1
SUP_0163,India,T2,Anchor_Unilever,1,0.3333,30,64,50000,1
SUP_0163,India,T2,Anchor_FedEx,2,0.4036,19,67,250000,0
SUP_0163,India,T2,Anchor_Samsung,3,0.2464,4,39,100000,1
SUP_0163,India,T2,Anchor_Apple,4,0.3122,30,67,100000,1
SUP_0163,India,T2,Anchor_Apple,5,0.3097,2,35,1000000,1
SUP_0163,India,T2,Anchor_Apple,6,0.3334,44,50,500000,1
SUP_0164,India,T2,Anchor_FedEx,1,0.2987,36,45,500000,1
SUP_0164,India,T2,Anchor_FedEx,2,0.3289,15,42,1000000,1
SUP_0164,India,T2,Anchor_Samsung,3,0.3802,37,88,250000,1
SUP_0164,India,T2,Anchor_Siemens,4,0.3718,6,62,250000,1
SUP_0164,India,T2,Anchor_Samsung,5,0.3939,28,79,100000,1
SUP_0164,India,T2,Anchor_Unilever,6,0.4498,15,83,500000,0
SUP_0165,Vietnam,T1,Anchor_Unilever,1,0.3624,15,58,1000000,1
SUP_0165,Vietnam,T1,Anchor_Siemens,2,0.3833,26,38,100000,1
SUP_0165,Vietnam,T1,Anchor_Siemens,3,0.3875,22,37,1000000,1
SUP_0165,Vietnam,T1,Anchor_Samsung,4,0.4313,35,71,250000,1
SUP_0165,Vietnam,T1,Anchor_Apple,5,0.3979,0,56,100000,1
SUP_0165,Vietnam,T1,Anchor_Siemens,6,0.1626,2,83,100000,1
SUP_0166,Singapore,T3,Anchor_Siemens,1,0.5618,21,41,500000,0
SUP_0166,Singapore,T3,Anchor_Samsung,2,0.5718,19,77,50000,0
SUP_0166,Singapore,T3,Anchor_Unilever,3,0.4806,10,75,1000000,0
SUP_0166,Singapore,T3,Anchor_Apple,4,0.605,23,30,250000,0
SUP_0166,Singapore,T3,Anchor_FedEx,5,0.5962,16,88,50000,0
SUP_0166,Singapore,T3,Anchor_Apple,6,0.4972,14,30,250000,0
SUP_0167,Vietnam,T2,Anchor_Samsung,1,0.5891,25,78,1000000,0
SUP_0167,Vietnam,T2,Anchor_Unilever,2,0.6503,40,31,500000,1
SUP_0167,Vietnam,T2,Anchor_Unilever,3,0.6236,34,30,50000,1
SUP_0167,Vietnam,T2,Anchor_Samsung,4,0.6305,18,45,1000000,0
SUP_0167,Vietnam,T2,Anchor_Siemens,5,0.4795,36,81,500000,1
SUP_0167,Vietnam,T2,Anchor_Apple,6,0.4121,17,65,50000,0
SUP_0168,Vietnam,T1,Anchor_FedEx,1,0.3902,30,89,50000,1
SUP_0168,Vietnam,T1,Anchor_Apple,2,0.3909,36,78,500000,1
SUP_0168,Vietnam,T1,Anchor_Apple,3,0.3964,38,87,250000,1
SUP_0168,Vietnam,T1,Anchor_FedEx,4,0.4977,40,80,250000,1
SUP_0168,Vietnam,T1,Anchor_Unilever,5,0.5738,13,36,250000,0
SUP_0168,Vietnam,T1,Anchor_Apple,6,0.3871,41,87,250000,1
SUP_0169,Singapore,T1,Anchor_Samsung,1,0.3546,17,65,50000,1
SUP_0169,Singapore,T1,Anchor_Samsung,2,0.3267,13,79,100000,1
SUP_0169,Singapore,T1,Anchor_FedEx,3,0.3147,43,86,250000,1
SUP_0169,Singapore,T1,Anchor_Siemens,4,0.3184,37,71,100000,1
SUP_0169,Singapore,T1,Anchor_Siemens,5,0.4849,37,54,500000,1
SUP_0169,Singapore,T1,Anchor_Unilever,6,0.3441,27,62,1000000,1
SUP_0170,Singapore,T2,Anchor_Apple,1,0.3342,2,62,500000,1
SUP_0170,Singapore,T2,Anchor_Samsung,2,0.364,29,55,100000,1
SUP_0170,Singapore,T2,Anchor_Unilever,3,0.3436,12,80,250000,1
SUP_0170,Singapore,T2,Anchor_Siemens,4,0.3301,1,38,50000,1
SUP_0170,Singapore,T2,Anchor_Siemens,5,0.3557,17,61,1000000,1
SUP_0170,Singapore,T2,Anchor_FedEx,6,0.3502,9,73,50000,1
SUP_0171,Singapore,T2,Anchor_FedEx,1,0.5702,12,32,100000,0
SUP_0171,Singapore,T2,Anchor_FedEx,2,0.533,5,53,500000,0
SUP_0171,Singapore,T2,Anchor_Apple,3,0.557,10,31,100000,0
SUP_0171,Singapore,T2,Anchor_Unilever,4,0.4716,39,65,500000,1
SUP_0171,Singapore,T2,Anchor_Apple,5,0.6415,29,89,50000,0
SUP_0171,Singapore,T2,Anchor_Samsung,6,0.6634,19,80,250000,0
SUP_0172,Singapore,T1,Anchor_Siemens,1,0.464,41,48,500000,1
SUP_0172,Singapore,T1,Anchor_FedEx,2,0.4331,36,48,50000,1
SUP_0172,Singapore,T1,Anchor_Siemens,3,0.3631,7,41,100000,1
SUP_0172,Singapore,T1,Anchor_Siemens,4,0.4802,25,34,1000000,0
SUP_0172,Singapore,T1,Anchor_Apple,5,0.2728,29,47,1000000,1
SUP_0172,Singapore,T1,Anchor_Samsung,6,0.5642,0,55,100000,0
SUP_0173,Singapore,T2,Anchor_Unilever,1,0.6933,40,56,100000,1
SUP_0173,Singapore,T2,Anchor_Apple,2,0.5491,5,58,500000,0
SUP_0173,Singapore,T2,Anchor_Apple,3,0.5886,39,36,50000,1
SUP_0173,Singapore,T2,Anchor_Siemens,4,0.6246,9,70,250000,0
SUP_0173,Singapore,T2,Anchor_FedEx,5,0.5059,33,63,250000,1
SUP_0173,Singapore,T2,Anchor_Samsung,6,0.4377,5,85,250000,0
SUP_0174,India,T1,Anchor_Unilever,1,0.3727,29,40,1000000,1
SUP_0174,India,T1,Anchor_Apple,2,0.3467,28,57,500000,1
SUP_0174,India,T1,Anchor_FedEx,3,0.2131,23,77,500000,1
SUP_0174,India,T1,Anchor_FedEx,4,0.3947,28,87,500000,1
SUP_0174,India,T1,Anchor_FedEx,5,0.1822,31,78,100000,1
SUP_0174,India,T1,Anchor_FedEx,6,0.3577,37,31,100000,1
SUP_0175,Singapore,T2,Anchor_Siemens,1,0.6524,8,47,50000,0
SUP_0175,Singapore,T2,Anchor_FedEx,2,0.5565,41,56,500000,1
SUP_0175,Singapore,T2,Anchor_Siemens,3,0.6578,21,85,50000,0
SUP_0175,Singapore,T2,Anchor_FedEx,4,0.7395,34,34,50000,1
SUP_0175,Singapore,T2,Anchor_FedEx,5,0.65,30,89,50000,0
SUP_0175,Singapore,T2,Anchor_FedEx,6,0.4617,26,70,100000,0
SUP_0176,Singapore,T1,Anchor_Siemens,1,0.5539,19,58,500000,0
SUP_0176,Singapore,T1,Anchor_Apple,2,0.524,31,31,50000,1
SUP_0176,Singapore,T1,Anchor_Unilever,3,0.4117,18,42,50000,0
SUP_0176,Singapore,T1,Anchor_Siemens,4,0.4273,11,64,100000,0
SUP_0176,Singapore,T1,Anchor_Siemens,5,0.5561,19,32,50000,0
SUP_0176,Singapore,T1,Anchor_Unilever,6,0.3343,19,79,100000,1
SUP_0177,India,T2,Anchor_Samsung,1,0.3947,43,77,100000,1
SUP_0177,India,T2,Anchor_Unilever,2,0.3367,12,79,250000,1
SUP_0177,India,T2,Anchor_Samsung,3,0.4335,21,34,100000,0
SUP_0177,India,T2,Anchor_Unilever,4,0.4799,17,78,100000,0
SUP_0177,India,T2,Anchor_Siemens,5,0.2289,17,55,1000000,1
SUP_0177,India,T2,Anchor_Samsung,6,0.1577,32,78,1000000,1
SUP_0178,Singapore,T2,Anchor_FedEx,1,0.6292,29,49,1000000,0
SUP_0178,Singapore,T2,Anchor_Samsung,2,0.6467,17,42,100000,0
SUP_0178,Singapore,T2,Anchor_FedEx,3,0.6316,26,48,1000000,0
SUP_0178,Singapore,T2,Anchor_Apple,4,0.6353,3,54,100000,0
SUP_0178,Singapore,T2,Anchor_FedEx,5,0.7342,15,59,100000,0
SUP_0178,Singapore,T2,Anchor_Samsung,6,0.6183,34,41,1000000,1
SUP_0179,India,T3,Anchor_Unilever,1,0.6121,26,53,50000,0
SUP_0179,India,T3,Anchor_FedEx,2,0.5536,37,57,500000,1
SUP_0179,India,T3,Anchor_Apple,3,0.7206,44,35,1000000,1
SUP_0179,India,T3,Anchor_Apple,4,0.6605,6,43,250000,0
SUP_0179,India,T3,Anchor_Apple,5,0.7332,35,69,1000000,1
SUP_0179,India,T3,Anchor_FedEx,6,0.6324,24,56,500000,0
SUP_0180,Singapore,T1,Anchor_Apple,1,0.5209,19,37,250000,0
SUP_0180,Singapore,T1,Anchor_FedEx,2,0.4692,34,57,250000,1
SUP_0180,Singapore,T1,Anchor_Unilever,3,0.5522,18,52,250000,0
SUP_0180,Singapore,T1,Anchor_Apple,4,0.5354,28,44,250000,0
SUP_0180,Singapore,T1,Anchor_FedEx,5,0.3613,25,52,250000,1
SUP_0180,Singapore,T1,Anchor_Siemens,6,0.4864,7,31,250000,0
SUP_0181,Singapore,T2,Anchor_FedEx,1,0.4654,8,64,250000,0
SUP_0181,Singapore,T2,Anchor_Siemens,2,0.6506,2,41,500000,0
SUP_0181,Singapore,T2,Anchor_Siemens,3,0.5936,18,44,500000,0
SUP_0181,Singapore,T2,Anchor_Siemens,4,0.6305,22,61,1000000,0
SUP_0181,Singapore,T2,Anchor_Siemens,5,0.4969,34,80,1000000,1
SUP_0181,Singapore,T2,Anchor_FedEx,6,0.3849,7,62,50000,1
SUP_0182,India,T1,Anchor_Unilever,1,0.4314,11,32,500000,0
SUP_0182,India,T1,Anchor_Siemens,2,0.2999,14,31,50000,1
SUP_0182,India,T1,Anchor_FedEx,3,0.3116,16,59,250000,1
SUP_0182,India,T1,Anchor_Apple,4,0.1726,23,66,250000,1
SUP_0182,India,T1,Anchor_Unilever,5,0.3207,34,71,1000000,1
SUP_0182,India,T1,Anchor_Apple,6,0.4682,17,88,500000,0
SUP_0183,India,T3,Anchor_Siemens,1,0.3103,35,56,50000,1
SUP_0183,India,T3,Anchor_Apple,2,0.3289,7,59,50000,1
SUP_0183,India,T3,Anchor_Unilever,3,0.3427,38,68,1000000,1
SUP_0183,India,T3,Anchor_Apple,4,0.1459,41,33,500000,1
SUP_0183,India,T3,Anchor_Apple,5,0.3427,43,32,100000,1
SUP_0183,India,T3,Anchor_FedEx,6,0.4427,10,77,1000000,0
SUP_0184,Vietnam,T3,Anchor_Samsung,1,0.3455,17,80,1000000,1
SUP_0184,Vietnam,T3,Anchor_Unilever,2,0.4684,13,81,50000,0
SUP_0184,Vietnam,T3,Anchor_Unilever,3,0.3604,9,69,250000,1
SUP_0184,Vietnam,T3,Anchor_FedEx,4,0.2252,20,57,50000,1
SUP_0184,Vietnam,T3,Anchor_Apple,5,0.5336,40,66,250000,1
SUP_0184,Vietnam,T3,Anchor_FedEx,6,0.4157,5,41,250000,0
SUP_0185,India,T1,Anchor_Samsung,1,0.4237,28,31,100000,0
SUP_0185,India,T1,Anchor_Siemens,2,0.3999,7,84,500000,1
SUP_0185,India,T1,Anchor_FedEx,3,0.4102,18,74,50000,0
SUP_0185,India,T1,Anchor_Siemens,4,0.4414,39,62,50000,1
SUP_0185,India,T1,Anchor_FedEx,5,0.4045,22,85,100000,0
SUP_0185,India,T1,Anchor_Apple,6,0.5412,19,82,50000,0
SUP_0186,India,T2,Anchor_FedEx,1,0.3752,10,51,250000,1
SUP_0186,India,T2,Anchor_Siemens,2,0.4863,7,67,250000,0
SUP_0186,India,T2,Anchor_Unilever,3,0.3498,32,46,1000000,1
SUP_0186,India,T2,Anchor_Siemens,4,0.3527,28,89,1000000,1
SUP_0186,India,T2,Anchor_Samsung,5,0.4103,12,80,500000,0
SUP_0186,India,T2,Anchor_Apple,6,0.386,7,75,50000,1
SUP_0187,Singapore,T3,Anchor_FedEx,1,0.613,24,78,500000,0
SUP_0187,Singapore,T3,Anchor_Samsung,2,0.6313,13,55,500000,0
SUP_0187,Singapore,T3,Anchor_FedEx,3,0.6709,30,81,500000,0
SUP_0187,Singapore,T3,Anchor_Siemens,4,0.7219,21,36,250000,0
SUP_0187,Singapore,T3,Anchor_Samsung,5,0.6452,25,77,50000,0
SUP_0187,Singapore,T3,Anchor_Samsung,6,0.7369,35,42,500000,1
SUP_0188,Singapore,T2,Anchor_Samsung,1,0.4524,14,56,500000,0
SUP_0188,Singapore,T2,Anchor_FedEx,2,0.3871,8,66,50000,1
SUP_0188,Singapore,T2,Anchor_Siemens,3,0.316,42,77,1000000,1
SUP_0188,Singapore,T2,Anchor_FedEx,4,0.4002,34,54,1000000,1
SUP_0188,Singapore,T2,Anchor_Unilever,5,0.3761,16,37,250000,1
SUP_0188,Singapore,T2,Anchor_Unilever,6,0.4203,41,46,250000,1
SUP_0189,India,T2,Anchor_Apple,1,0.4282,28,88,500000,0
SUP_0189,India,T2,Anchor_Siemens,2,0.4803,18,45,1000000,0
SUP_0189,India,T2,Anchor_Samsung,3,0.4712,16,41,100000,0
SUP_0189,India,T2,Anchor_Apple,4,0.4826,24,61,100000,0
SUP_0189,India,T2,Anchor_Apple,5,0.5035,4,85,50000,0
SUP_0189,India,T2,Anchor_FedEx,6,0.3892,21,55,100000,1
SUP_0190,India,T1,Anchor_Samsung,1,0.6186,22,34,100000,0
SUP_0190,India,T1,Anchor_FedEx,2,0.5929,21,45,500000,0
SUP_0190,India,T1,Anchor_Samsung,3,0.5473,39,40,250000,1
SUP_0190,India,T1,Anchor_Apple,4,0.6783,6,63,50000,0
SUP_0190,India,T1,Anchor_Siemens,5,0.5345,24,83,250000,0
SUP_0190,India,T1,Anchor_Samsung,6,0.4279,33,49,500000,1
SUP_0191,Vietnam,T1,Anchor_Unilever,1,0.5613,44,47,250000,1
SUP_0191,Vietnam,T1,Anchor_Apple,2,0.5017,35,88,250000,1
SUP_0191,Vietnam,T1,Anchor_Unilever,3,0.5429,39,69,1000000,1
SUP_0191,Vietnam,T1,Anchor_Siemens,4,0.5661,17,32,250000,0
SUP_0191,Vietnam,T1,Anchor_Samsung,5,0.5402,38,72,50000,1
SUP_0191,Vietnam,T1,Anchor_Samsung,6,0.4893,6,39,50000,0
SUP_0192,Singapore,T3,Anchor_Siemens,1,0.6004,16,71,50000,0
SUP_0192,Singapore,T3,Anchor_Samsung,2,0.676,10,53,500000,0
SUP_0192,Singapore,T3,Anchor_FedEx,3,0.6527,22,42,100000,0
SUP_0192,Singapore,T3,Anchor_Samsung,4,0.666,15,53,500000,0
SUP_0192,Singapore,T3,Anchor_Samsung,5,0.5286,14,68,250000,0
SUP_0192,Singapore,T3,Anchor_Siemens,6,0.6595,10,33,100000,0
SUP_0193,Singapore,T3,Anchor_Siemens,1,0.6435,18,89,1000000,0
SUP_0193,Singapore,T3,Anchor_Siemens,2,0.6494,23,40,100000,0
SUP_0193,Singapore,T3,Anchor_Apple,3,0.5699,42,58,250000,1
SUP_0193,Singapore,T3,Anchor_Siemens,4,0.6006,36,35,500000,1
SUP_0193,Singapore,T3,Anchor_FedEx,5,0.6015,27,39,50000,0
SUP_0193,Singapore,T3,Anchor_Samsung,6,0.6588,19,66,500000,0
SUP_0194,India,T2,Anchor_Unilever,1,0.3737,28,75,1000000,1
SUP_0194,India,T2,Anchor_Siemens,2,0.378,21,46,50000,1
SUP_0194,India,T2,Anchor_Siemens,3,0.3603,20,35,1000000,1
SUP_0194,India,T2,Anchor_Unilever,4,0.4078,38,55,50000,1
SUP_0194,India,T2,Anchor_Unilever,5,0.2543,28,49,250000,1
SUP_0194,India,T2,Anchor_Unilever,6,0.5173,1,62,100000,0
SUP_0195,Singapore,T2,Anchor_FedEx,1,0.5151,12,55,50000,0
SUP_0195,Singapore,T2,Anchor_FedEx,2,0.533,2,53,50000,0
SUP_0195,Singapore,T2,Anchor_Siemens,3,0.5166,43,57,250000,1
SUP_0195,Singapore,T2,Anchor_Samsung,4,0.5237,20,78,500000,0
SUP_0195,Singapore,T2,Anchor_Unilever,5,0.3065,42,39,500000,1
SUP_0195,Singapore,T2,Anchor_FedEx,6,0.7161,22,72,100000,0
SUP_0196,Vietnam,T2,Anchor_Samsung,1,0.4925,23,70,1000000,0
SUP_0196,Vietnam,T2,Anchor_Siemens,2,0.5724,23,37,250000,0
SUP_0196,Vietnam,T2,Anchor_FedEx,3,0.499,37,41,500000,1
SUP_0196,Vietnam,T2,Anchor_FedEx,4,0.5244,6,68,500000,0
SUP_0196,Vietnam,T2,Anchor_Samsung,5,0.3711,23,87,1000000,1
SUP_0196,Vietnam,T2,Anchor_FedEx,6,0.394,1,89,250000,1
SUP_0197,Vietnam,T2,Anchor_Apple,1,0.4751,27,81,50000,0
SUP_0197,Vietnam,T2,Anchor_Apple,2,0.4663,14,36,100000,0
SUP_0197,Vietnam,T2,Anchor_Apple,3,0.4567,42,63,100000,1
SUP_0197,Vietnam,T2,Anchor_Samsung,4,0.4529,33,30,250000,1
SUP_0197,Vietnam,T2,Anchor_Unilever,5,0.4869,3,53,500000,0
SUP_0197,Vietnam,T2,Anchor_Unilever,6,0.3018,32,59,1000000,1
SUP_0198,Singapore,T3,Anchor_Apple,1,0.3928,23,42,100000,1
SUP_0198,Singapore,T3,Anchor_Samsung,2,0.3532,0,75,250000,1
SUP_0198,Singapore,T3,Anchor_Apple,3,0.408,38,87,500000,1
SUP_0198,Singapore,T3,Anchor_FedEx,4,0.2818,9,32,100000,1
SUP_0198,Singapore,T3,Anchor_Apple,5,0.1954,41,61,250000,1
SUP_0198,Singapore,T3,Anchor_Apple,6,0.3326,41,87,50000,1
SUP_0199,India,T3,Anchor_Samsung,1,0.455,0,63,500000,0
SUP_0199,India,T3,Anchor_Siemens,2,0.4724,39,65,500000,1
SUP_0199,India,T3,Anchor_Samsung,3,0.4564,42,71,250000,1
SUP_0199,India,T3,Anchor_Siemens,4,0.4905,6,76,50000,0
SUP_0199,India,T3,Anchor_Siemens,5,0.6092,25,46,1000000,0
SUP_0199,India,T3,Anchor_Unilever,6,0.6346,19,59,100000,0
SUP_0200,India,T3,Anchor_Siemens,1,0.3172,24,42,100000,1
SUP_0200,India,T3,Anchor_Samsung,2,0.3158,1,53,100000,1
SUP_0200,India,T3,Anchor_Apple,3,0.2464,0,39,1000000,1
SUP_0200,India,T3,Anchor_FedEx,4,0.3102,14,76,50000,1
SUP_0200,India,T3,Anchor_Unilever,5,0.3053,6,52,50000,1
SUP_0200,India,T3,Anchor_Samsung,6,0.0934,33,35,500000,1
